ramp,step,source_r,source_g,source_b,mask,target_r,target_g,target_b,uncompensated_r,uncompensated_g,uncompensated_b
red_to_white,0,255,0,0,11,191.0,0.0,0.0,191.0,0.0,0.0
red_to_white,1,255,1,1,11,191.0,0.0,0.0,191.0,0.0,0.0
red_to_white,2,255,2,2,11,191.0,0.0,0.0,191.0,0.0,0.0
red_to_white,3,255,3,3,11,191.0,0.0,0.0,191.0,0.0,0.0
red_to_white,4,255,4,4,11,191.0,0.0,0.0,191.0,0.0,0.0
red_to_white,5,255,5,5,11,191.0,0.0,0.0,191.0,0.0,0.0
red_to_white,6,255,6,6,11,191.0,0.0,0.0,191.0,0.0,0.0
red_to_white,7,255,7,7,11,191.0,0.0,0.0,191.0,0.0,0.0
red_to_white,8,255,8,8,11,193.0,8.0,8.0,193.0,8.0,8.0
red_to_white,9,255,9,9,11,193.0,8.0,8.0,193.0,8.0,8.0
red_to_white,10,255,10,10,11,193.0,8.0,8.0,193.0,8.0,8.0
red_to_white,11,255,11,11,11,193.0,8.0,8.0,193.0,8.0,8.0
red_to_white,12,255,12,12,11,193.0,8.0,8.0,193.0,8.0,8.0
red_to_white,13,255,13,13,11,193.0,8.0,8.0,193.0,8.0,8.0
red_to_white,14,255,14,14,11,193.0,8.0,8.0,193.0,8.0,8.0
red_to_white,15,255,15,15,11,193.0,8.0,8.0,193.0,8.0,8.0
red_to_white,16,255,16,16,11,195.0,16.0,16.0,195.0,16.0,16.0
red_to_white,17,255,17,17,11,195.0,16.0,16.0,195.0,16.0,16.0
red_to_white,18,255,18,18,11,195.0,16.0,16.0,195.0,16.0,16.0
red_to_white,19,255,19,19,11,195.0,16.0,16.0,195.0,16.0,16.0
red_to_white,20,255,20,20,11,195.0,16.0,16.0,195.0,16.0,16.0
red_to_white,21,255,21,21,11,195.0,16.0,16.0,195.0,16.0,16.0
red_to_white,22,255,22,22,11,195.0,16.0,16.0,195.0,16.0,16.0
red_to_white,23,255,23,23,11,195.0,16.0,16.0,195.0,16.0,16.0
red_to_white,24,255,24,24,11,197.0,24.0,24.0,197.0,24.0,24.0
red_to_white,25,255,25,25,11,197.0,24.0,24.0,197.0,24.0,24.0
red_to_white,26,255,26,26,11,197.0,24.0,24.0,197.0,24.0,24.0
red_to_white,27,255,27,27,11,197.0,24.0,24.0,197.0,24.0,24.0
red_to_white,28,255,28,28,11,197.0,24.0,24.0,197.0,24.0,24.0
red_to_white,29,255,29,29,11,197.0,24.0,24.0,197.0,24.0,24.0
red_to_white,30,255,30,30,11,197.0,24.0,24.0,197.0,24.0,24.0
red_to_white,31,255,31,31,11,197.0,24.0,24.0,197.0,24.0,24.0
red_to_white,32,255,32,32,11,199.0625,32.0,32.0,199.0625,32.0,32.0
red_to_white,33,255,33,33,11,199.0625,32.0,32.0,199.0625,32.0,32.0
red_to_white,34,255,34,34,11,199.0625,32.0,32.0,199.0625,32.0,32.0
red_to_white,35,255,35,35,11,199.0625,32.0,32.0,199.0625,32.0,32.0
red_to_white,36,255,36,36,11,199.3125,33.0,33.0,199.3125,33.0,33.0
red_to_white,37,255,37,37,11,199.3125,33.0,33.0,199.3125,33.0,33.0
red_to_white,38,255,38,38,11,199.3125,33.0,33.0,199.3125,33.0,33.0
red_to_white,39,255,39,39,11,199.3125,33.0,33.0,199.3125,33.0,33.0
red_to_white,40,255,40,40,11,201.0625,40.0,40.0,201.0625,40.0,40.0
red_to_white,41,255,41,41,11,201.0625,40.0,40.0,201.0625,40.0,40.0
red_to_white,42,255,42,42,11,201.0625,40.0,40.0,201.0625,40.0,40.0
red_to_white,43,255,43,43,11,201.0625,40.0,40.0,201.0625,40.0,40.0
red_to_white,44,255,44,44,11,201.3125,41.0,41.0,201.3125,41.0,41.0
red_to_white,45,255,45,45,11,201.3125,41.0,41.0,201.3125,41.0,41.0
red_to_white,46,255,46,46,11,201.3125,41.0,41.0,201.3125,41.0,41.0
red_to_white,47,255,47,47,11,201.3125,41.0,41.0,201.3125,41.0,41.0
red_to_white,48,255,48,48,11,203.0625,48.0,48.0,203.0625,48.0,48.0
red_to_white,49,255,49,49,11,203.0625,48.0,48.0,203.0625,48.0,48.0
red_to_white,50,255,50,50,11,203.0625,48.0,48.0,203.0625,48.0,48.0
red_to_white,51,255,51,51,11,203.0625,48.0,48.0,203.0625,48.0,48.0
red_to_white,52,255,52,52,11,203.3125,49.0,49.0,203.3125,49.0,49.0
red_to_white,53,255,53,53,11,203.3125,49.0,49.0,203.3125,49.0,49.0
red_to_white,54,255,54,54,11,203.3125,49.0,49.0,203.3125,49.0,49.0
red_to_white,55,255,55,55,11,203.3125,49.0,49.0,203.3125,49.0,49.0
red_to_white,56,255,56,56,11,205.0625,56.0,56.0,205.0625,56.0,56.0
red_to_white,57,255,57,57,11,205.0625,56.0,56.0,205.0625,56.0,56.0
red_to_white,58,255,58,58,11,205.0625,56.0,56.0,205.0625,56.0,56.0
red_to_white,59,255,59,59,11,205.0625,56.0,56.0,205.0625,56.0,56.0
red_to_white,60,255,60,60,11,205.3125,57.0,57.0,205.3125,57.0,57.0
red_to_white,61,255,61,61,11,205.3125,57.0,57.0,205.3125,57.0,57.0
red_to_white,62,255,62,62,11,205.3125,57.0,57.0,205.3125,57.0,57.0
red_to_white,63,255,63,63,11,205.3125,57.0,57.0,205.3125,57.0,57.0
red_to_white,64,255,64,64,11,207.3125,65.0,65.0,207.3125,65.0,65.0
red_to_white,65,255,65,65,11,207.3125,65.0,65.0,207.3125,65.0,65.0
red_to_white,66,255,66,66,11,207.3125,65.0,65.0,207.3125,65.0,65.0
red_to_white,67,255,67,67,11,207.3125,65.0,65.0,207.3125,65.0,65.0
red_to_white,68,255,68,68,11,207.5625,66.0,66.0,207.5625,66.0,66.0
red_to_white,69,255,69,69,11,207.5625,66.0,66.0,207.5625,66.0,66.0
red_to_white,70,255,70,70,11,207.5625,66.0,66.0,207.5625,66.0,66.0
red_to_white,71,255,71,71,11,207.5625,66.0,66.0,207.5625,66.0,66.0
red_to_white,72,255,72,72,11,209.3125,73.0,73.0,209.3125,73.0,73.0
red_to_white,73,255,73,73,11,209.3125,73.0,73.0,209.3125,73.0,73.0
red_to_white,74,255,74,74,11,209.3125,73.0,73.0,209.3125,73.0,73.0
red_to_white,75,255,75,75,11,209.3125,73.0,73.0,209.3125,73.0,73.0
red_to_white,76,255,76,76,11,209.5625,74.0,74.0,209.5625,74.0,74.0
red_to_white,77,255,77,77,11,209.5625,74.0,74.0,209.5625,74.0,74.0
red_to_white,78,255,78,78,11,209.5625,74.0,74.0,209.5625,74.0,74.0
red_to_white,79,255,79,79,11,209.5625,74.0,74.0,209.5625,74.0,74.0
red_to_white,80,255,80,80,11,211.3125,81.0,81.0,211.3125,81.0,81.0
red_to_white,81,255,81,81,11,211.3125,81.0,81.0,211.3125,81.0,81.0
red_to_white,82,255,82,82,11,211.3125,81.0,81.0,211.3125,81.0,81.0
red_to_white,83,255,83,83,11,211.3125,81.0,81.0,211.3125,81.0,81.0
red_to_white,84,255,84,84,11,211.5625,82.0,82.0,211.5625,82.0,82.0
red_to_white,85,255,85,85,11,211.5625,82.0,82.0,211.5625,82.0,82.0
red_to_white,86,255,86,86,11,211.5625,82.0,82.0,211.5625,82.0,82.0
red_to_white,87,255,87,87,11,211.5625,82.0,82.0,211.5625,82.0,82.0
red_to_white,88,255,88,88,11,213.3125,89.0,89.0,213.3125,89.0,89.0
red_to_white,89,255,89,89,11,213.3125,89.0,89.0,213.3125,89.0,89.0
red_to_white,90,255,90,90,11,213.3125,89.0,89.0,213.3125,89.0,89.0
red_to_white,91,255,91,91,11,213.3125,89.0,89.0,213.3125,89.0,89.0
red_to_white,92,255,92,92,11,213.5625,90.0,90.0,213.5625,90.0,90.0
red_to_white,93,255,93,93,11,213.5625,90.0,90.0,213.5625,90.0,90.0
red_to_white,94,255,94,94,11,213.5625,90.0,90.0,213.5625,90.0,90.0
red_to_white,95,255,95,95,11,213.5625,90.0,90.0,213.5625,90.0,90.0
red_to_white,96,255,96,96,11,215.375,97.0,97.0,215.375,97.0,97.0
red_to_white,97,255,97,97,11,215.375,97.0,97.0,215.375,97.0,97.0
red_to_white,98,255,98,98,11,215.375,97.0,97.0,215.375,97.0,97.0
red_to_white,99,255,99,99,11,215.375,97.0,97.0,215.375,97.0,97.0
red_to_white,100,255,100,100,11,215.875,99.0,99.0,215.875,99.0,99.0
red_to_white,101,255,101,101,11,215.875,99.0,99.0,215.875,99.0,99.0
red_to_white,102,255,102,102,11,215.875,99.0,99.0,215.875,99.0,99.0
red_to_white,103,255,103,103,11,215.875,99.0,99.0,215.875,99.0,99.0
red_to_white,104,255,104,104,11,217.375,105.0,105.0,217.375,105.0,105.0
red_to_white,105,255,105,105,11,217.375,105.0,105.0,217.375,105.0,105.0
red_to_white,106,255,106,106,11,217.375,105.0,105.0,217.375,105.0,105.0
red_to_white,107,255,107,107,11,217.375,105.0,105.0,217.375,105.0,105.0
red_to_white,108,255,108,108,11,217.875,107.0,107.0,217.875,107.0,107.0
red_to_white,109,255,109,109,11,217.875,107.0,107.0,217.875,107.0,107.0
red_to_white,110,255,110,110,11,217.875,107.0,107.0,217.875,107.0,107.0
red_to_white,111,255,111,111,11,217.875,107.0,107.0,217.875,107.0,107.0
red_to_white,112,255,112,112,11,219.375,113.0,113.0,219.375,113.0,113.0
red_to_white,113,255,113,113,11,219.375,113.0,113.0,219.375,113.0,113.0
red_to_white,114,255,114,114,11,219.375,113.0,113.0,219.375,113.0,113.0
red_to_white,115,255,115,115,11,219.375,113.0,113.0,219.375,113.0,113.0
red_to_white,116,255,116,116,11,219.875,115.0,115.0,219.875,115.0,115.0
red_to_white,117,255,117,117,11,219.875,115.0,115.0,219.875,115.0,115.0
red_to_white,118,255,118,118,11,219.875,115.0,115.0,219.875,115.0,115.0
red_to_white,119,255,119,119,11,219.875,115.0,115.0,219.875,115.0,115.0
red_to_white,120,255,120,120,11,221.375,121.0,121.0,221.375,121.0,121.0
red_to_white,121,255,121,121,11,221.375,121.0,121.0,221.375,121.0,121.0
red_to_white,122,255,122,122,11,221.375,121.0,121.0,221.375,121.0,121.0
red_to_white,123,255,123,123,11,221.375,121.0,121.0,221.375,121.0,121.0
red_to_white,124,255,124,124,11,221.875,123.0,123.0,221.875,123.0,123.0
red_to_white,125,255,125,125,11,221.875,123.0,123.0,221.875,123.0,123.0
red_to_white,126,255,126,126,11,221.875,123.0,123.0,221.875,123.0,123.0
red_to_white,127,255,127,127,11,221.875,123.0,123.0,221.875,123.0,123.0
red_to_white,128,255,128,128,11,223.625,130.0,130.0,223.625,130.0,130.0
red_to_white,129,255,129,129,11,223.625,130.0,130.0,223.625,130.0,130.0
red_to_white,130,255,130,130,11,223.625,130.0,130.0,223.625,130.0,130.0
red_to_white,131,255,131,131,11,223.625,130.0,130.0,223.625,130.0,130.0
red_to_white,132,255,132,132,11,224.125,132.0,132.0,224.125,132.0,132.0
red_to_white,133,255,133,133,11,224.125,132.0,132.0,224.125,132.0,132.0
red_to_white,134,255,134,134,11,224.125,132.0,132.0,224.125,132.0,132.0
red_to_white,135,255,135,135,11,224.125,132.0,132.0,224.125,132.0,132.0
red_to_white,136,255,136,136,11,225.625,138.0,138.0,225.625,138.0,138.0
red_to_white,137,255,137,137,11,225.625,138.0,138.0,225.625,138.0,138.0
red_to_white,138,255,138,138,11,225.625,138.0,138.0,225.625,138.0,138.0
red_to_white,139,255,139,139,11,225.625,138.0,138.0,225.625,138.0,138.0
red_to_white,140,255,140,140,11,226.125,140.0,140.0,226.125,140.0,140.0
red_to_white,141,255,141,141,11,226.125,140.0,140.0,226.125,140.0,140.0
red_to_white,142,255,142,142,11,226.125,140.0,140.0,226.125,140.0,140.0
red_to_white,143,255,143,143,11,226.125,140.0,140.0,226.125,140.0,140.0
red_to_white,144,255,144,144,11,227.625,146.0,146.0,227.625,146.0,146.0
red_to_white,145,255,145,145,11,227.625,146.0,146.0,227.625,146.0,146.0
red_to_white,146,255,146,146,11,227.625,146.0,146.0,227.625,146.0,146.0
red_to_white,147,255,147,147,11,227.625,146.0,146.0,227.625,146.0,146.0
red_to_white,148,255,148,148,11,228.125,148.0,148.0,228.125,148.0,148.0
red_to_white,149,255,149,149,11,228.125,148.0,148.0,228.125,148.0,148.0
red_to_white,150,255,150,150,11,228.125,148.0,148.0,228.125,148.0,148.0
red_to_white,151,255,151,151,11,228.125,148.0,148.0,228.125,148.0,148.0
red_to_white,152,255,152,152,11,229.625,154.0,154.0,229.625,154.0,154.0
red_to_white,153,255,153,153,11,229.625,154.0,154.0,229.625,154.0,154.0
red_to_white,154,255,154,154,11,229.625,154.0,154.0,229.625,154.0,154.0
red_to_white,155,255,155,155,11,229.625,154.0,154.0,229.625,154.0,154.0
red_to_white,156,255,156,156,11,230.125,156.0,156.0,230.125,156.0,156.0
red_to_white,157,255,157,157,11,230.125,156.0,156.0,230.125,156.0,156.0
red_to_white,158,255,158,158,11,230.125,156.0,156.0,230.125,156.0,156.0
red_to_white,159,255,159,159,11,230.125,156.0,156.0,230.125,156.0,156.0
red_to_white,160,255,160,160,11,231.6875,162.0,162.0,231.6875,162.0,162.0
red_to_white,161,255,161,161,11,231.6875,162.0,162.0,231.6875,162.0,162.0
red_to_white,162,255,162,162,11,231.6875,162.0,162.0,231.6875,162.0,162.0
red_to_white,163,255,163,163,11,231.6875,162.0,162.0,231.6875,162.0,162.0
red_to_white,164,255,164,164,11,232.4375,165.0,165.0,232.4375,165.0,165.0
red_to_white,165,255,165,165,11,232.4375,165.0,165.0,232.4375,165.0,165.0
red_to_white,166,255,166,166,11,232.4375,165.0,165.0,232.4375,165.0,165.0
red_to_white,167,255,167,167,11,232.4375,165.0,165.0,232.4375,165.0,165.0
red_to_white,168,255,168,168,11,233.6875,170.0,170.0,233.6875,170.0,170.0
red_to_white,169,255,169,169,11,233.6875,170.0,170.0,233.6875,170.0,170.0
red_to_white,170,255,170,170,11,233.6875,170.0,170.0,233.6875,170.0,170.0
red_to_white,171,255,171,171,11,233.6875,170.0,170.0,233.6875,170.0,170.0
red_to_white,172,255,172,172,11,234.4375,173.0,173.0,234.4375,173.0,173.0
red_to_white,173,255,173,173,11,234.4375,173.0,173.0,234.4375,173.0,173.0
red_to_white,174,255,174,174,11,234.4375,173.0,173.0,234.4375,173.0,173.0
red_to_white,175,255,175,175,11,234.4375,173.0,173.0,234.4375,173.0,173.0
red_to_white,176,255,176,176,11,235.6875,178.0,178.0,235.6875,178.0,178.0
red_to_white,177,255,177,177,11,235.6875,178.0,178.0,235.6875,178.0,178.0
red_to_white,178,255,178,178,11,235.6875,178.0,178.0,235.6875,178.0,178.0
red_to_white,179,255,179,179,11,235.6875,178.0,178.0,235.6875,178.0,178.0
red_to_white,180,255,180,180,11,236.4375,181.0,181.0,236.4375,181.0,181.0
red_to_white,181,255,181,181,11,236.4375,181.0,181.0,236.4375,181.0,181.0
red_to_white,182,255,182,182,11,236.4375,181.0,181.0,236.4375,181.0,181.0
red_to_white,183,255,183,183,11,236.4375,181.0,181.0,236.4375,181.0,181.0
red_to_white,184,255,184,184,11,237.6875,186.0,186.0,237.6875,186.0,186.0
red_to_white,185,255,185,185,11,237.6875,186.0,186.0,237.6875,186.0,186.0
red_to_white,186,255,186,186,11,237.6875,186.0,186.0,237.6875,186.0,186.0
red_to_white,187,255,187,187,11,237.6875,186.0,186.0,237.6875,186.0,186.0
red_to_white,188,255,188,188,11,238.4375,189.0,189.0,238.4375,189.0,189.0
red_to_white,189,255,189,189,11,238.4375,189.0,189.0,238.4375,189.0,189.0
red_to_white,190,255,190,190,11,238.4375,189.0,189.0,238.4375,189.0,189.0
red_to_white,191,255,191,191,11,238.4375,189.0,189.0,238.4375,189.0,189.0
red_to_white,192,255,192,192,11,239.9375,195.0,195.0,239.9375,195.0,195.0
red_to_white,193,255,193,193,11,239.9375,195.0,195.0,239.9375,195.0,195.0
red_to_white,194,255,194,194,11,239.9375,195.0,195.0,239.9375,195.0,195.0
red_to_white,195,255,195,195,11,239.9375,195.0,195.0,239.9375,195.0,195.0
red_to_white,196,255,196,196,11,240.6875,198.0,198.0,240.6875,198.0,198.0
red_to_white,197,255,197,197,11,240.6875,198.0,198.0,240.6875,198.0,198.0
red_to_white,198,255,198,198,11,240.6875,198.0,198.0,240.6875,198.0,198.0
red_to_white,199,255,199,199,11,240.6875,198.0,198.0,240.6875,198.0,198.0
red_to_white,200,255,200,200,11,241.9375,203.0,203.0,241.9375,203.0,203.0
red_to_white,201,255,201,201,11,241.9375,203.0,203.0,241.9375,203.0,203.0
red_to_white,202,255,202,202,11,241.9375,203.0,203.0,241.9375,203.0,203.0
red_to_white,203,255,203,203,11,241.9375,203.0,203.0,241.9375,203.0,203.0
red_to_white,204,255,204,204,11,242.6875,206.0,206.0,242.6875,206.0,206.0
red_to_white,205,255,205,205,11,242.6875,206.0,206.0,242.6875,206.0,206.0
red_to_white,206,255,206,206,11,242.6875,206.0,206.0,242.6875,206.0,206.0
red_to_white,207,255,207,207,11,242.6875,206.0,206.0,242.6875,206.0,206.0
red_to_white,208,255,208,208,11,243.9375,211.0,211.0,243.9375,211.0,211.0
red_to_white,209,255,209,209,11,243.9375,211.0,211.0,243.9375,211.0,211.0
red_to_white,210,255,210,210,11,243.9375,211.0,211.0,243.9375,211.0,211.0
red_to_white,211,255,211,211,11,243.9375,211.0,211.0,243.9375,211.0,211.0
red_to_white,212,255,212,212,11,244.6875,214.0,214.0,244.6875,214.0,214.0
red_to_white,213,255,213,213,11,244.6875,214.0,214.0,244.6875,214.0,214.0
red_to_white,214,255,214,214,11,244.6875,214.0,214.0,244.6875,214.0,214.0
red_to_white,215,255,215,215,11,244.6875,214.0,214.0,244.6875,214.0,214.0
red_to_white,216,255,216,216,11,245.9375,219.0,219.0,245.9375,219.0,219.0
red_to_white,217,255,217,217,11,245.9375,219.0,219.0,245.9375,219.0,219.0
red_to_white,218,255,218,218,11,245.9375,219.0,219.0,245.9375,219.0,219.0
red_to_white,219,255,219,219,11,245.9375,219.0,219.0,245.9375,219.0,219.0
red_to_white,220,255,220,220,11,246.6875,222.0,222.0,246.6875,222.0,222.0
red_to_white,221,255,221,221,11,246.6875,222.0,222.0,246.6875,222.0,222.0
red_to_white,222,255,222,222,11,246.6875,222.0,222.0,246.6875,222.0,222.0
red_to_white,223,255,223,223,11,246.6875,222.0,222.0,246.6875,222.0,222.0
red_to_white,224,255,224,224,11,248.0,227.0,227.0,248.0,227.0,227.0
red_to_white,225,255,225,225,11,248.0,227.0,227.0,248.0,227.0,227.0
red_to_white,226,255,226,226,11,248.0,227.0,227.0,248.0,227.0,227.0
red_to_white,227,255,227,227,11,248.0,227.0,227.0,248.0,227.0,227.0
red_to_white,228,255,228,228,11,249.0,231.0,231.0,249.0,231.0,231.0
red_to_white,229,255,229,229,11,249.0,231.0,231.0,249.0,231.0,231.0
red_to_white,230,255,230,230,11,249.0,231.0,231.0,249.0,231.0,231.0
red_to_white,231,255,231,231,11,249.0,231.0,231.0,249.0,231.0,231.0
red_to_white,232,255,232,232,3,243.0,243.0,243.0,243.0,243.0,243.0
red_to_white,233,255,233,233,3,243.0,243.0,243.0,243.0,243.0,243.0
red_to_white,234,255,234,234,3,243.0,243.0,243.0,243.0,243.0,243.0
red_to_white,235,255,235,235,3,243.0,243.0,243.0,243.0,243.0,243.0
red_to_white,236,255,236,236,3,244.3125,244.3125,244.3125,244.3125,244.3125,244.3125
red_to_white,237,255,237,237,3,244.3125,244.3125,244.3125,244.3125,244.3125,244.3125
red_to_white,238,255,238,238,3,244.3125,244.3125,244.3125,244.3125,244.3125,244.3125
red_to_white,239,255,239,239,3,244.3125,244.3125,244.3125,244.3125,244.3125,244.3125
red_to_white,240,255,240,240,3,248.3125,248.3125,248.3125,248.3125,248.3125,248.3125
red_to_white,241,255,241,241,3,248.3125,248.3125,248.3125,248.3125,248.3125,248.3125
red_to_white,242,255,242,242,3,248.3125,248.3125,248.3125,248.3125,248.3125,248.3125
red_to_white,243,255,243,243,3,248.3125,248.3125,248.3125,248.3125,248.3125,248.3125
red_to_white,244,255,244,244,3,249.6875,249.6875,249.6875,249.6875,249.6875,249.6875
red_to_white,245,255,245,245,3,249.6875,249.6875,249.6875,249.6875,249.6875,249.6875
red_to_white,246,255,246,246,3,249.6875,249.6875,249.6875,249.6875,249.6875,249.6875
red_to_white,247,255,247,247,3,249.6875,249.6875,249.6875,249.6875,249.6875,249.6875
red_to_white,248,255,248,248,3,253.6875,253.6875,253.6875,253.6875,253.6875,253.6875
red_to_white,249,255,249,249,3,253.6875,253.6875,253.6875,253.6875,253.6875,253.6875
red_to_white,250,255,250,250,3,253.6875,253.6875,253.6875,253.6875,253.6875,253.6875
red_to_white,251,255,251,251,3,253.6875,253.6875,253.6875,253.6875,253.6875,253.6875
red_to_white,252,255,252,252,3,255.0,255.0,255.0,255.0,255.0,255.0
red_to_white,253,255,253,253,3,255.0,255.0,255.0,255.0,255.0,255.0
red_to_white,254,255,254,254,3,255.0,255.0,255.0,255.0,255.0,255.0
red_to_white,255,255,255,255,3,255.0,255.0,255.0,255.0,255.0,255.0
black_to_red,0,0,0,0,3,0.0,0.0,0.0,0.0,0.0,0.0
black_to_red,1,1,0,0,3,0.0,0.0,0.0,0.0,0.0,0.0
black_to_red,2,2,0,0,3,0.0,0.0,0.0,0.0,0.0,0.0
black_to_red,3,3,0,0,3,0.0,0.0,0.0,0.0,0.0,0.0
black_to_red,4,4,0,0,3,0.0,0.0,0.0,0.0,0.0,0.0
black_to_red,5,5,0,0,3,0.0,0.0,0.0,0.0,0.0,0.0
black_to_red,6,6,0,0,3,0.0,0.0,0.0,0.0,0.0,0.0
black_to_red,7,7,0,0,3,0.0,0.0,0.0,0.0,0.0,0.0
black_to_red,8,8,0,0,3,2.6875,2.6875,2.6875,2.6875,2.6875,2.6875
black_to_red,9,9,0,0,3,2.6875,2.6875,2.6875,2.6875,2.6875,2.6875
black_to_red,10,10,0,0,3,2.6875,2.6875,2.6875,2.6875,2.6875,2.6875
black_to_red,11,11,0,0,3,2.6875,2.6875,2.6875,2.6875,2.6875,2.6875
black_to_red,12,12,0,0,3,2.6875,2.6875,2.6875,2.6875,2.6875,2.6875
black_to_red,13,13,0,0,3,2.6875,2.6875,2.6875,2.6875,2.6875,2.6875
black_to_red,14,14,0,0,3,2.6875,2.6875,2.6875,2.6875,2.6875,2.6875
black_to_red,15,15,0,0,3,2.6875,2.6875,2.6875,2.6875,2.6875,2.6875
black_to_red,16,16,0,0,111,16.0,0.0,0.0,16.0,0.0,0.0
black_to_red,17,17,0,0,111,16.0,0.0,0.0,16.0,0.0,0.0
black_to_red,18,18,0,0,111,16.0,0.0,0.0,16.0,0.0,0.0
black_to_red,19,19,0,0,111,16.0,0.0,0.0,16.0,0.0,0.0
black_to_red,20,20,0,0,111,16.0,0.0,0.0,16.0,0.0,0.0
black_to_red,21,21,0,0,111,16.0,0.0,0.0,16.0,0.0,0.0
black_to_red,22,22,0,0,111,16.0,0.0,0.0,16.0,0.0,0.0
black_to_red,23,23,0,0,111,16.0,0.0,0.0,16.0,0.0,0.0
black_to_red,24,24,0,0,11,24.0,0.0,0.0,24.0,0.0,0.0
black_to_red,25,25,0,0,11,24.0,0.0,0.0,24.0,0.0,0.0
black_to_red,26,26,0,0,11,24.0,0.0,0.0,24.0,0.0,0.0
black_to_red,27,27,0,0,11,24.0,0.0,0.0,24.0,0.0,0.0
black_to_red,28,28,0,0,11,24.0,0.0,0.0,24.0,0.0,0.0
black_to_red,29,29,0,0,11,24.0,0.0,0.0,24.0,0.0,0.0
black_to_red,30,30,0,0,11,24.0,0.0,0.0,24.0,0.0,0.0
black_to_red,31,31,0,0,11,24.0,0.0,0.0,24.0,0.0,0.0
black_to_red,32,32,0,0,11,33.0,0.0,0.0,33.0,0.0,0.0
black_to_red,33,33,0,0,11,33.0,0.0,0.0,33.0,0.0,0.0
black_to_red,34,34,0,0,11,33.0,0.0,0.0,33.0,0.0,0.0
black_to_red,35,35,0,0,11,33.0,0.0,0.0,33.0,0.0,0.0
black_to_red,36,36,0,0,11,33.0,0.0,0.0,33.0,0.0,0.0
black_to_red,37,37,0,0,11,33.0,0.0,0.0,33.0,0.0,0.0
black_to_red,38,38,0,0,11,33.0,0.0,0.0,33.0,0.0,0.0
black_to_red,39,39,0,0,11,33.0,0.0,0.0,33.0,0.0,0.0
black_to_red,40,40,0,0,11,41.0,0.0,0.0,41.0,0.0,0.0
black_to_red,41,41,0,0,11,41.0,0.0,0.0,41.0,0.0,0.0
black_to_red,42,42,0,0,11,41.0,0.0,0.0,41.0,0.0,0.0
black_to_red,43,43,0,0,11,41.0,0.0,0.0,41.0,0.0,0.0
black_to_red,44,44,0,0,11,41.0,0.0,0.0,41.0,0.0,0.0
black_to_red,45,45,0,0,11,41.0,0.0,0.0,41.0,0.0,0.0
black_to_red,46,46,0,0,11,41.0,0.0,0.0,41.0,0.0,0.0
black_to_red,47,47,0,0,11,41.0,0.0,0.0,41.0,0.0,0.0
black_to_red,48,48,0,0,11,49.0,0.0,0.0,49.0,0.0,0.0
black_to_red,49,49,0,0,11,49.0,0.0,0.0,49.0,0.0,0.0
black_to_red,50,50,0,0,11,49.0,0.0,0.0,49.0,0.0,0.0
black_to_red,51,51,0,0,11,49.0,0.0,0.0,49.0,0.0,0.0
black_to_red,52,52,0,0,11,49.0,0.0,0.0,49.0,0.0,0.0
black_to_red,53,53,0,0,11,49.0,0.0,0.0,49.0,0.0,0.0
black_to_red,54,54,0,0,11,49.0,0.0,0.0,49.0,0.0,0.0
black_to_red,55,55,0,0,11,49.0,0.0,0.0,49.0,0.0,0.0
black_to_red,56,56,0,0,11,57.0,0.0,0.0,57.0,0.0,0.0
black_to_red,57,57,0,0,11,57.0,0.0,0.0,57.0,0.0,0.0
black_to_red,58,58,0,0,11,57.0,0.0,0.0,57.0,0.0,0.0
black_to_red,59,59,0,0,11,57.0,0.0,0.0,57.0,0.0,0.0
black_to_red,60,60,0,0,11,57.0,0.0,0.0,57.0,0.0,0.0
black_to_red,61,61,0,0,11,57.0,0.0,0.0,57.0,0.0,0.0
black_to_red,62,62,0,0,11,57.0,0.0,0.0,57.0,0.0,0.0
black_to_red,63,63,0,0,11,57.0,0.0,0.0,57.0,0.0,0.0
black_to_red,64,64,0,0,11,66.0,0.0,0.0,66.0,0.0,0.0
black_to_red,65,65,0,0,11,66.0,0.0,0.0,66.0,0.0,0.0
black_to_red,66,66,0,0,11,66.0,0.0,0.0,66.0,0.0,0.0
black_to_red,67,67,0,0,11,66.0,0.0,0.0,66.0,0.0,0.0
black_to_red,68,68,0,0,11,66.0,0.0,0.0,66.0,0.0,0.0
black_to_red,69,69,0,0,11,66.0,0.0,0.0,66.0,0.0,0.0
black_to_red,70,70,0,0,11,66.0,0.0,0.0,66.0,0.0,0.0
black_to_red,71,71,0,0,11,66.0,0.0,0.0,66.0,0.0,0.0
black_to_red,72,72,0,0,11,74.0,0.0,0.0,74.0,0.0,0.0
black_to_red,73,73,0,0,11,74.0,0.0,0.0,74.0,0.0,0.0
black_to_red,74,74,0,0,11,74.0,0.0,0.0,74.0,0.0,0.0
black_to_red,75,75,0,0,11,74.0,0.0,0.0,74.0,0.0,0.0
black_to_red,76,76,0,0,11,74.0,0.0,0.0,74.0,0.0,0.0
black_to_red,77,77,0,0,11,74.0,0.0,0.0,74.0,0.0,0.0
black_to_red,78,78,0,0,11,74.0,0.0,0.0,74.0,0.0,0.0
black_to_red,79,79,0,0,11,74.0,0.0,0.0,74.0,0.0,0.0
black_to_red,80,80,0,0,11,82.0,0.0,0.0,82.0,0.0,0.0
black_to_red,81,81,0,0,11,82.0,0.0,0.0,82.0,0.0,0.0
black_to_red,82,82,0,0,11,82.0,0.0,0.0,82.0,0.0,0.0
black_to_red,83,83,0,0,11,82.0,0.0,0.0,82.0,0.0,0.0
black_to_red,84,84,0,0,11,82.0,0.0,0.0,82.0,0.0,0.0
black_to_red,85,85,0,0,11,82.0,0.0,0.0,82.0,0.0,0.0
black_to_red,86,86,0,0,11,82.0,0.0,0.0,82.0,0.0,0.0
black_to_red,87,87,0,0,11,82.0,0.0,0.0,82.0,0.0,0.0
black_to_red,88,88,0,0,11,90.0,0.0,0.0,90.0,0.0,0.0
black_to_red,89,89,0,0,11,90.0,0.0,0.0,90.0,0.0,0.0
black_to_red,90,90,0,0,11,90.0,0.0,0.0,90.0,0.0,0.0
black_to_red,91,91,0,0,11,90.0,0.0,0.0,90.0,0.0,0.0
black_to_red,92,92,0,0,11,90.0,0.0,0.0,90.0,0.0,0.0
black_to_red,93,93,0,0,11,90.0,0.0,0.0,90.0,0.0,0.0
black_to_red,94,94,0,0,11,90.0,0.0,0.0,90.0,0.0,0.0
black_to_red,95,95,0,0,11,90.0,0.0,0.0,90.0,0.0,0.0
black_to_red,96,96,0,0,11,99.0,0.0,0.0,99.0,0.0,0.0
black_to_red,97,97,0,0,11,99.0,0.0,0.0,99.0,0.0,0.0
black_to_red,98,98,0,0,11,99.0,0.0,0.0,99.0,0.0,0.0
black_to_red,99,99,0,0,11,99.0,0.0,0.0,99.0,0.0,0.0
black_to_red,100,100,0,0,11,99.0,0.0,0.0,99.0,0.0,0.0
black_to_red,101,101,0,0,11,99.0,0.0,0.0,99.0,0.0,0.0
black_to_red,102,102,0,0,11,99.0,0.0,0.0,99.0,0.0,0.0
black_to_red,103,103,0,0,11,99.0,0.0,0.0,99.0,0.0,0.0
black_to_red,104,104,0,0,11,107.0,0.0,0.0,107.0,0.0,0.0
black_to_red,105,105,0,0,11,107.0,0.0,0.0,107.0,0.0,0.0
black_to_red,106,106,0,0,11,107.0,0.0,0.0,107.0,0.0,0.0
black_to_red,107,107,0,0,11,107.0,0.0,0.0,107.0,0.0,0.0
black_to_red,108,108,0,0,11,107.0,0.0,0.0,107.0,0.0,0.0
black_to_red,109,109,0,0,11,107.0,0.0,0.0,107.0,0.0,0.0
black_to_red,110,110,0,0,11,107.0,0.0,0.0,107.0,0.0,0.0
black_to_red,111,111,0,0,11,107.0,0.0,0.0,107.0,0.0,0.0
black_to_red,112,112,0,0,11,115.0,0.0,0.0,115.0,0.0,0.0
black_to_red,113,113,0,0,11,115.0,0.0,0.0,115.0,0.0,0.0
black_to_red,114,114,0,0,11,115.0,0.0,0.0,115.0,0.0,0.0
black_to_red,115,115,0,0,11,115.0,0.0,0.0,115.0,0.0,0.0
black_to_red,116,116,0,0,11,115.0,0.0,0.0,115.0,0.0,0.0
black_to_red,117,117,0,0,11,115.0,0.0,0.0,115.0,0.0,0.0
black_to_red,118,118,0,0,11,115.0,0.0,0.0,115.0,0.0,0.0
black_to_red,119,119,0,0,11,115.0,0.0,0.0,115.0,0.0,0.0
black_to_red,120,120,0,0,11,123.0,0.0,0.0,123.0,0.0,0.0
black_to_red,121,121,0,0,11,123.0,0.0,0.0,123.0,0.0,0.0
black_to_red,122,122,0,0,11,123.0,0.0,0.0,123.0,0.0,0.0
black_to_red,123,123,0,0,11,123.0,0.0,0.0,123.0,0.0,0.0
black_to_red,124,124,0,0,11,123.0,0.0,0.0,123.0,0.0,0.0
black_to_red,125,125,0,0,11,123.0,0.0,0.0,123.0,0.0,0.0
black_to_red,126,126,0,0,11,123.0,0.0,0.0,123.0,0.0,0.0
black_to_red,127,127,0,0,11,123.0,0.0,0.0,123.0,0.0,0.0
black_to_red,128,128,0,0,11,132.0,0.0,0.0,132.0,0.0,0.0
black_to_red,129,129,0,0,11,132.0,0.0,0.0,132.0,0.0,0.0
black_to_red,130,130,0,0,11,132.0,0.0,0.0,132.0,0.0,0.0
black_to_red,131,131,0,0,11,132.0,0.0,0.0,132.0,0.0,0.0
black_to_red,132,132,0,0,11,132.0,0.0,0.0,132.0,0.0,0.0
black_to_red,133,133,0,0,11,132.0,0.0,0.0,132.0,0.0,0.0
black_to_red,134,134,0,0,11,132.0,0.0,0.0,132.0,0.0,0.0
black_to_red,135,135,0,0,11,132.0,0.0,0.0,132.0,0.0,0.0
black_to_red,136,136,0,0,11,140.0,0.0,0.0,140.0,0.0,0.0
black_to_red,137,137,0,0,11,140.0,0.0,0.0,140.0,0.0,0.0
black_to_red,138,138,0,0,11,140.0,0.0,0.0,140.0,0.0,0.0
black_to_red,139,139,0,0,11,140.0,0.0,0.0,140.0,0.0,0.0
black_to_red,140,140,0,0,11,140.0,0.0,0.0,140.0,0.0,0.0
black_to_red,141,141,0,0,11,140.0,0.0,0.0,140.0,0.0,0.0
black_to_red,142,142,0,0,11,140.0,0.0,0.0,140.0,0.0,0.0
black_to_red,143,143,0,0,11,140.0,0.0,0.0,140.0,0.0,0.0
black_to_red,144,144,0,0,11,148.0,0.0,0.0,148.0,0.0,0.0
black_to_red,145,145,0,0,11,148.0,0.0,0.0,148.0,0.0,0.0
black_to_red,146,146,0,0,11,148.0,0.0,0.0,148.0,0.0,0.0
black_to_red,147,147,0,0,11,148.0,0.0,0.0,148.0,0.0,0.0
black_to_red,148,148,0,0,11,148.0,0.0,0.0,148.0,0.0,0.0
black_to_red,149,149,0,0,11,148.0,0.0,0.0,148.0,0.0,0.0
black_to_red,150,150,0,0,11,148.0,0.0,0.0,148.0,0.0,0.0
black_to_red,151,151,0,0,11,148.0,0.0,0.0,148.0,0.0,0.0
black_to_red,152,152,0,0,11,156.0,0.0,0.0,156.0,0.0,0.0
black_to_red,153,153,0,0,11,156.0,0.0,0.0,156.0,0.0,0.0
black_to_red,154,154,0,0,11,156.0,0.0,0.0,156.0,0.0,0.0
black_to_red,155,155,0,0,11,156.0,0.0,0.0,156.0,0.0,0.0
black_to_red,156,156,0,0,11,156.0,0.0,0.0,156.0,0.0,0.0
black_to_red,157,157,0,0,11,156.0,0.0,0.0,156.0,0.0,0.0
black_to_red,158,158,0,0,11,156.0,0.0,0.0,156.0,0.0,0.0
black_to_red,159,159,0,0,11,156.0,0.0,0.0,156.0,0.0,0.0
black_to_red,160,160,0,0,11,165.0,0.0,0.0,165.0,0.0,0.0
black_to_red,161,161,0,0,11,165.0,0.0,0.0,165.0,0.0,0.0
black_to_red,162,162,0,0,11,165.0,0.0,0.0,165.0,0.0,0.0
black_to_red,163,163,0,0,11,165.0,0.0,0.0,165.0,0.0,0.0
black_to_red,164,164,0,0,11,165.0,0.0,0.0,165.0,0.0,0.0
black_to_red,165,165,0,0,11,165.0,0.0,0.0,165.0,0.0,0.0
black_to_red,166,166,0,0,11,165.0,0.0,0.0,165.0,0.0,0.0
black_to_red,167,167,0,0,11,165.0,0.0,0.0,165.0,0.0,0.0
black_to_red,168,168,0,0,11,173.0,0.0,0.0,173.0,0.0,0.0
black_to_red,169,169,0,0,11,173.0,0.0,0.0,173.0,0.0,0.0
black_to_red,170,170,0,0,11,173.0,0.0,0.0,173.0,0.0,0.0
black_to_red,171,171,0,0,11,173.0,0.0,0.0,173.0,0.0,0.0
black_to_red,172,172,0,0,11,173.0,0.0,0.0,173.0,0.0,0.0
black_to_red,173,173,0,0,11,173.0,0.0,0.0,173.0,0.0,0.0
black_to_red,174,174,0,0,11,173.0,0.0,0.0,173.0,0.0,0.0
black_to_red,175,175,0,0,11,173.0,0.0,0.0,173.0,0.0,0.0
black_to_red,176,176,0,0,11,181.0,0.0,0.0,181.0,0.0,0.0
black_to_red,177,177,0,0,11,181.0,0.0,0.0,181.0,0.0,0.0
black_to_red,178,178,0,0,11,181.0,0.0,0.0,181.0,0.0,0.0
black_to_red,179,179,0,0,11,181.0,0.0,0.0,181.0,0.0,0.0
black_to_red,180,180,0,0,11,181.0,0.0,0.0,181.0,0.0,0.0
black_to_red,181,181,0,0,11,181.0,0.0,0.0,181.0,0.0,0.0
black_to_red,182,182,0,0,11,181.0,0.0,0.0,181.0,0.0,0.0
black_to_red,183,183,0,0,11,181.0,0.0,0.0,181.0,0.0,0.0
black_to_red,184,184,0,0,11,189.0,0.0,0.0,189.0,0.0,0.0
black_to_red,185,185,0,0,11,189.0,0.0,0.0,189.0,0.0,0.0
black_to_red,186,186,0,0,11,189.0,0.0,0.0,189.0,0.0,0.0
black_to_red,187,187,0,0,11,189.0,0.0,0.0,189.0,0.0,0.0
black_to_red,188,188,0,0,11,189.0,0.0,0.0,189.0,0.0,0.0
black_to_red,189,189,0,0,11,189.0,0.0,0.0,189.0,0.0,0.0
black_to_red,190,190,0,0,11,189.0,0.0,0.0,189.0,0.0,0.0
black_to_red,191,191,0,0,11,189.0,0.0,0.0,189.0,0.0,0.0
black_to_red,192,192,0,0,11,191.0,0.0,0.0,191.0,0.0,0.0
black_to_red,193,193,0,0,11,191.0,0.0,0.0,191.0,0.0,0.0
black_to_red,194,194,0,0,11,191.0,0.0,0.0,191.0,0.0,0.0
black_to_red,195,195,0,0,11,191.0,0.0,0.0,191.0,0.0,0.0
black_to_red,196,196,0,0,11,191.0,0.0,0.0,191.0,0.0,0.0
black_to_red,197,197,0,0,11,191.0,0.0,0.0,191.0,0.0,0.0
black_to_red,198,198,0,0,11,191.0,0.0,0.0,191.0,0.0,0.0
black_to_red,199,199,0,0,11,191.0,0.0,0.0,191.0,0.0,0.0
black_to_red,200,200,0,0,11,191.0,0.0,0.0,191.0,0.0,0.0
black_to_red,201,201,0,0,11,191.0,0.0,0.0,191.0,0.0,0.0
black_to_red,202,202,0,0,11,191.0,0.0,0.0,191.0,0.0,0.0
black_to_red,203,203,0,0,11,191.0,0.0,0.0,191.0,0.0,0.0
black_to_red,204,204,0,0,11,191.0,0.0,0.0,191.0,0.0,0.0
black_to_red,205,205,0,0,11,191.0,0.0,0.0,191.0,0.0,0.0
black_to_red,206,206,0,0,11,191.0,0.0,0.0,191.0,0.0,0.0
black_to_red,207,207,0,0,11,191.0,0.0,0.0,191.0,0.0,0.0
black_to_red,208,208,0,0,11,191.0,0.0,0.0,191.0,0.0,0.0
black_to_red,209,209,0,0,11,191.0,0.0,0.0,191.0,0.0,0.0
black_to_red,210,210,0,0,11,191.0,0.0,0.0,191.0,0.0,0.0
black_to_red,211,211,0,0,11,191.0,0.0,0.0,191.0,0.0,0.0
black_to_red,212,212,0,0,11,191.0,0.0,0.0,191.0,0.0,0.0
black_to_red,213,213,0,0,11,191.0,0.0,0.0,191.0,0.0,0.0
black_to_red,214,214,0,0,11,191.0,0.0,0.0,191.0,0.0,0.0
black_to_red,215,215,0,0,11,191.0,0.0,0.0,191.0,0.0,0.0
black_to_red,216,216,0,0,11,191.0,0.0,0.0,191.0,0.0,0.0
black_to_red,217,217,0,0,11,191.0,0.0,0.0,191.0,0.0,0.0
black_to_red,218,218,0,0,11,191.0,0.0,0.0,191.0,0.0,0.0
black_to_red,219,219,0,0,11,191.0,0.0,0.0,191.0,0.0,0.0
black_to_red,220,220,0,0,11,191.0,0.0,0.0,191.0,0.0,0.0
black_to_red,221,221,0,0,11,191.0,0.0,0.0,191.0,0.0,0.0
black_to_red,222,222,0,0,11,191.0,0.0,0.0,191.0,0.0,0.0
black_to_red,223,223,0,0,11,191.0,0.0,0.0,191.0,0.0,0.0
black_to_red,224,224,0,0,11,191.0,0.0,0.0,191.0,0.0,0.0
black_to_red,225,225,0,0,11,191.0,0.0,0.0,191.0,0.0,0.0
black_to_red,226,226,0,0,11,191.0,0.0,0.0,191.0,0.0,0.0
black_to_red,227,227,0,0,11,191.0,0.0,0.0,191.0,0.0,0.0
black_to_red,228,228,0,0,11,191.0,0.0,0.0,191.0,0.0,0.0
black_to_red,229,229,0,0,11,191.0,0.0,0.0,191.0,0.0,0.0
black_to_red,230,230,0,0,11,191.0,0.0,0.0,191.0,0.0,0.0
black_to_red,231,231,0,0,11,191.0,0.0,0.0,191.0,0.0,0.0
black_to_red,232,232,0,0,11,191.0,0.0,0.0,191.0,0.0,0.0
black_to_red,233,233,0,0,11,191.0,0.0,0.0,191.0,0.0,0.0
black_to_red,234,234,0,0,11,191.0,0.0,0.0,191.0,0.0,0.0
black_to_red,235,235,0,0,11,191.0,0.0,0.0,191.0,0.0,0.0
black_to_red,236,236,0,0,11,191.0,0.0,0.0,191.0,0.0,0.0
black_to_red,237,237,0,0,11,191.0,0.0,0.0,191.0,0.0,0.0
black_to_red,238,238,0,0,11,191.0,0.0,0.0,191.0,0.0,0.0
black_to_red,239,239,0,0,11,191.0,0.0,0.0,191.0,0.0,0.0
black_to_red,240,240,0,0,11,191.0,0.0,0.0,191.0,0.0,0.0
black_to_red,241,241,0,0,11,191.0,0.0,0.0,191.0,0.0,0.0
black_to_red,242,242,0,0,11,191.0,0.0,0.0,191.0,0.0,0.0
black_to_red,243,243,0,0,11,191.0,0.0,0.0,191.0,0.0,0.0
black_to_red,244,244,0,0,11,191.0,0.0,0.0,191.0,0.0,0.0
black_to_red,245,245,0,0,11,191.0,0.0,0.0,191.0,0.0,0.0
black_to_red,246,246,0,0,11,191.0,0.0,0.0,191.0,0.0,0.0
black_to_red,247,247,0,0,11,191.0,0.0,0.0,191.0,0.0,0.0
black_to_red,248,248,0,0,11,191.0,0.0,0.0,191.0,0.0,0.0
black_to_red,249,249,0,0,11,191.0,0.0,0.0,191.0,0.0,0.0
black_to_red,250,250,0,0,11,191.0,0.0,0.0,191.0,0.0,0.0
black_to_red,251,251,0,0,11,191.0,0.0,0.0,191.0,0.0,0.0
black_to_red,252,252,0,0,11,191.0,0.0,0.0,191.0,0.0,0.0
black_to_red,253,253,0,0,11,191.0,0.0,0.0,191.0,0.0,0.0
black_to_red,254,254,0,0,11,191.0,0.0,0.0,191.0,0.0,0.0
black_to_red,255,255,0,0,11,191.0,0.0,0.0,191.0,0.0,0.0
neutral,0,0,0,0,3,0.0,0.0,0.0,0.0,0.0,0.0
neutral,1,1,1,1,3,0.0,0.0,0.0,0.0,0.0,0.0
neutral,2,2,2,2,3,0.0,0.0,0.0,0.0,0.0,0.0
neutral,3,3,3,3,3,0.0,0.0,0.0,0.0,0.0,0.0
neutral,4,4,4,4,3,1.3125,1.3125,1.3125,1.3125,1.3125,1.3125
neutral,5,5,5,5,3,1.3125,1.3125,1.3125,1.3125,1.3125,1.3125
neutral,6,6,6,6,3,1.3125,1.3125,1.3125,1.3125,1.3125,1.3125
neutral,7,7,7,7,3,1.3125,1.3125,1.3125,1.3125,1.3125,1.3125
neutral,8,8,8,8,3,8.0,8.0,8.0,8.0,8.0,8.0
neutral,9,9,9,9,3,8.0,8.0,8.0,8.0,8.0,8.0
neutral,10,10,10,10,3,8.0,8.0,8.0,8.0,8.0,8.0
neutral,11,11,11,11,3,8.0,8.0,8.0,8.0,8.0,8.0
neutral,12,12,12,12,3,9.3125,9.3125,9.3125,9.3125,9.3125,9.3125
neutral,13,13,13,13,3,9.3125,9.3125,9.3125,9.3125,9.3125,9.3125
neutral,14,14,14,14,3,9.3125,9.3125,9.3125,9.3125,9.3125,9.3125
neutral,15,15,15,15,3,9.3125,9.3125,9.3125,9.3125,9.3125,9.3125
neutral,16,16,16,16,3,16.0,16.0,16.0,16.0,16.0,16.0
neutral,17,17,17,17,3,16.0,16.0,16.0,16.0,16.0,16.0
neutral,18,18,18,18,3,16.0,16.0,16.0,16.0,16.0,16.0
neutral,19,19,19,19,3,16.0,16.0,16.0,16.0,16.0,16.0
neutral,20,20,20,20,3,17.3125,17.3125,17.3125,17.3125,17.3125,17.3125
neutral,21,21,21,21,3,17.3125,17.3125,17.3125,17.3125,17.3125,17.3125
neutral,22,22,22,22,3,17.3125,17.3125,17.3125,17.3125,17.3125,17.3125
neutral,23,23,23,23,3,17.3125,17.3125,17.3125,17.3125,17.3125,17.3125
neutral,24,24,24,24,3,24.0,24.0,24.0,24.0,24.0,24.0
neutral,25,25,25,25,3,24.0,24.0,24.0,24.0,24.0,24.0
neutral,26,26,26,26,3,24.0,24.0,24.0,24.0,24.0,24.0
neutral,27,27,27,27,3,24.0,24.0,24.0,24.0,24.0,24.0
neutral,28,28,28,28,3,25.3125,25.3125,25.3125,25.3125,25.3125,25.3125
neutral,29,29,29,29,3,25.3125,25.3125,25.3125,25.3125,25.3125,25.3125
neutral,30,30,30,30,3,25.3125,25.3125,25.3125,25.3125,25.3125,25.3125
neutral,31,31,31,31,3,25.3125,25.3125,25.3125,25.3125,25.3125,25.3125
neutral,32,32,32,32,3,32.6875,32.6875,32.6875,32.6875,32.6875,32.6875
neutral,33,33,33,33,3,32.6875,32.6875,32.6875,32.6875,32.6875,32.6875
neutral,34,34,34,34,3,32.6875,32.6875,32.6875,32.6875,32.6875,32.6875
neutral,35,35,35,35,3,32.6875,32.6875,32.6875,32.6875,32.6875,32.6875
neutral,36,36,36,36,3,34.0,34.0,34.0,34.0,34.0,34.0
neutral,37,37,37,37,3,34.0,34.0,34.0,34.0,34.0,34.0
neutral,38,38,38,38,3,34.0,34.0,34.0,34.0,34.0,34.0
neutral,39,39,39,39,3,34.0,34.0,34.0,34.0,34.0,34.0
neutral,40,40,40,40,3,40.6875,40.6875,40.6875,40.6875,40.6875,40.6875
neutral,41,41,41,41,3,40.6875,40.6875,40.6875,40.6875,40.6875,40.6875
neutral,42,42,42,42,3,40.6875,40.6875,40.6875,40.6875,40.6875,40.6875
neutral,43,43,43,43,3,40.6875,40.6875,40.6875,40.6875,40.6875,40.6875
neutral,44,44,44,44,3,42.0,42.0,42.0,42.0,42.0,42.0
neutral,45,45,45,45,3,42.0,42.0,42.0,42.0,42.0,42.0
neutral,46,46,46,46,3,42.0,42.0,42.0,42.0,42.0,42.0
neutral,47,47,47,47,3,42.0,42.0,42.0,42.0,42.0,42.0
neutral,48,48,48,48,3,48.6875,48.6875,48.6875,48.6875,48.6875,48.6875
neutral,49,49,49,49,3,48.6875,48.6875,48.6875,48.6875,48.6875,48.6875
neutral,50,50,50,50,3,48.6875,48.6875,48.6875,48.6875,48.6875,48.6875
neutral,51,51,51,51,3,48.6875,48.6875,48.6875,48.6875,48.6875,48.6875
neutral,52,52,52,52,3,50.0,50.0,50.0,50.0,50.0,50.0
neutral,53,53,53,53,3,50.0,50.0,50.0,50.0,50.0,50.0
neutral,54,54,54,54,3,50.0,50.0,50.0,50.0,50.0,50.0
neutral,55,55,55,55,3,50.0,50.0,50.0,50.0,50.0,50.0
neutral,56,56,56,56,3,56.6875,56.6875,56.6875,56.6875,56.6875,56.6875
neutral,57,57,57,57,3,56.6875,56.6875,56.6875,56.6875,56.6875,56.6875
neutral,58,58,58,58,3,56.6875,56.6875,56.6875,56.6875,56.6875,56.6875
neutral,59,59,59,59,3,56.6875,56.6875,56.6875,56.6875,56.6875,56.6875
neutral,60,60,60,60,3,58.0,58.0,58.0,58.0,58.0,58.0
neutral,61,61,61,61,3,58.0,58.0,58.0,58.0,58.0,58.0
neutral,62,62,62,62,3,58.0,58.0,58.0,58.0,58.0,58.0
neutral,63,63,63,63,3,58.0,58.0,58.0,58.0,58.0,58.0
neutral,64,64,64,64,3,65.6875,65.6875,65.6875,65.6875,65.6875,65.6875
neutral,65,65,65,65,3,65.6875,65.6875,65.6875,65.6875,65.6875,65.6875
neutral,66,66,66,66,3,65.6875,65.6875,65.6875,65.6875,65.6875,65.6875
neutral,67,67,67,67,3,65.6875,65.6875,65.6875,65.6875,65.6875,65.6875
neutral,68,68,68,68,3,67.0,67.0,67.0,67.0,67.0,67.0
neutral,69,69,69,69,3,67.0,67.0,67.0,67.0,67.0,67.0
neutral,70,70,70,70,3,67.0,67.0,67.0,67.0,67.0,67.0
neutral,71,71,71,71,3,67.0,67.0,67.0,67.0,67.0,67.0
neutral,72,72,72,72,3,73.6875,73.6875,73.6875,73.6875,73.6875,73.6875
neutral,73,73,73,73,3,73.6875,73.6875,73.6875,73.6875,73.6875,73.6875
neutral,74,74,74,74,3,73.6875,73.6875,73.6875,73.6875,73.6875,73.6875
neutral,75,75,75,75,3,73.6875,73.6875,73.6875,73.6875,73.6875,73.6875
neutral,76,76,76,76,3,75.0,75.0,75.0,75.0,75.0,75.0
neutral,77,77,77,77,3,75.0,75.0,75.0,75.0,75.0,75.0
neutral,78,78,78,78,3,75.0,75.0,75.0,75.0,75.0,75.0
neutral,79,79,79,79,3,75.0,75.0,75.0,75.0,75.0,75.0
neutral,80,80,80,80,3,81.6875,81.6875,81.6875,81.6875,81.6875,81.6875
neutral,81,81,81,81,3,81.6875,81.6875,81.6875,81.6875,81.6875,81.6875
neutral,82,82,82,82,3,81.6875,81.6875,81.6875,81.6875,81.6875,81.6875
neutral,83,83,83,83,3,81.6875,81.6875,81.6875,81.6875,81.6875,81.6875
neutral,84,84,84,84,3,83.0,83.0,83.0,83.0,83.0,83.0
neutral,85,85,85,85,3,83.0,83.0,83.0,83.0,83.0,83.0
neutral,86,86,86,86,3,83.0,83.0,83.0,83.0,83.0,83.0
neutral,87,87,87,87,3,83.0,83.0,83.0,83.0,83.0,83.0
neutral,88,88,88,88,3,89.6875,89.6875,89.6875,89.6875,89.6875,89.6875
neutral,89,89,89,89,3,89.6875,89.6875,89.6875,89.6875,89.6875,89.6875
neutral,90,90,90,90,3,89.6875,89.6875,89.6875,89.6875,89.6875,89.6875
neutral,91,91,91,91,3,89.6875,89.6875,89.6875,89.6875,89.6875,89.6875
neutral,92,92,92,92,3,91.0,91.0,91.0,91.0,91.0,91.0
neutral,93,93,93,93,3,91.0,91.0,91.0,91.0,91.0,91.0
neutral,94,94,94,94,3,91.0,91.0,91.0,91.0,91.0,91.0
neutral,95,95,95,95,3,91.0,91.0,91.0,91.0,91.0,91.0
neutral,96,96,96,96,3,98.3125,98.3125,98.3125,98.3125,98.3125,98.3125
neutral,97,97,97,97,3,98.3125,98.3125,98.3125,98.3125,98.3125,98.3125
neutral,98,98,98,98,3,98.3125,98.3125,98.3125,98.3125,98.3125,98.3125
neutral,99,99,99,99,3,98.3125,98.3125,98.3125,98.3125,98.3125,98.3125
neutral,100,100,100,100,3,99.6875,99.6875,99.6875,99.6875,99.6875,99.6875
neutral,101,101,101,101,3,99.6875,99.6875,99.6875,99.6875,99.6875,99.6875
neutral,102,102,102,102,3,99.6875,99.6875,99.6875,99.6875,99.6875,99.6875
neutral,103,103,103,103,3,99.6875,99.6875,99.6875,99.6875,99.6875,99.6875
neutral,104,104,104,104,3,106.3125,106.3125,106.3125,106.3125,106.3125,106.3125
neutral,105,105,105,105,3,106.3125,106.3125,106.3125,106.3125,106.3125,106.3125
neutral,106,106,106,106,3,106.3125,106.3125,106.3125,106.3125,106.3125,106.3125
neutral,107,107,107,107,3,106.3125,106.3125,106.3125,106.3125,106.3125,106.3125
neutral,108,108,108,108,3,107.6875,107.6875,107.6875,107.6875,107.6875,107.6875
neutral,109,109,109,109,3,107.6875,107.6875,107.6875,107.6875,107.6875,107.6875
neutral,110,110,110,110,3,107.6875,107.6875,107.6875,107.6875,107.6875,107.6875
neutral,111,111,111,111,3,107.6875,107.6875,107.6875,107.6875,107.6875,107.6875
neutral,112,112,112,112,3,114.3125,114.3125,114.3125,114.3125,114.3125,114.3125
neutral,113,113,113,113,3,114.3125,114.3125,114.3125,114.3125,114.3125,114.3125
neutral,114,114,114,114,3,114.3125,114.3125,114.3125,114.3125,114.3125,114.3125
neutral,115,115,115,115,3,114.3125,114.3125,114.3125,114.3125,114.3125,114.3125
neutral,116,116,116,116,3,115.6875,115.6875,115.6875,115.6875,115.6875,115.6875
neutral,117,117,117,117,3,115.6875,115.6875,115.6875,115.6875,115.6875,115.6875
neutral,118,118,118,118,3,115.6875,115.6875,115.6875,115.6875,115.6875,115.6875
neutral,119,119,119,119,3,115.6875,115.6875,115.6875,115.6875,115.6875,115.6875
neutral,120,120,120,120,3,122.3125,122.3125,122.3125,122.3125,122.3125,122.3125
neutral,121,121,121,121,3,122.3125,122.3125,122.3125,122.3125,122.3125,122.3125
neutral,122,122,122,122,3,122.3125,122.3125,122.3125,122.3125,122.3125,122.3125
neutral,123,123,123,123,3,122.3125,122.3125,122.3125,122.3125,122.3125,122.3125
neutral,124,124,124,124,3,123.6875,123.6875,123.6875,123.6875,123.6875,123.6875
neutral,125,125,125,125,3,123.6875,123.6875,123.6875,123.6875,123.6875,123.6875
neutral,126,126,126,126,3,123.6875,123.6875,123.6875,123.6875,123.6875,123.6875
neutral,127,127,127,127,3,123.6875,123.6875,123.6875,123.6875,123.6875,123.6875
neutral,128,128,128,128,3,131.3125,131.3125,131.3125,131.3125,131.3125,131.3125
neutral,129,129,129,129,3,131.3125,131.3125,131.3125,131.3125,131.3125,131.3125
neutral,130,130,130,130,3,131.3125,131.3125,131.3125,131.3125,131.3125,131.3125
neutral,131,131,131,131,3,131.3125,131.3125,131.3125,131.3125,131.3125,131.3125
neutral,132,132,132,132,3,132.6875,132.6875,132.6875,132.6875,132.6875,132.6875
neutral,133,133,133,133,3,132.6875,132.6875,132.6875,132.6875,132.6875,132.6875
neutral,134,134,134,134,3,132.6875,132.6875,132.6875,132.6875,132.6875,132.6875
neutral,135,135,135,135,3,132.6875,132.6875,132.6875,132.6875,132.6875,132.6875
neutral,136,136,136,136,3,139.3125,139.3125,139.3125,139.3125,139.3125,139.3125
neutral,137,137,137,137,3,139.3125,139.3125,139.3125,139.3125,139.3125,139.3125
neutral,138,138,138,138,3,139.3125,139.3125,139.3125,139.3125,139.3125,139.3125
neutral,139,139,139,139,3,139.3125,139.3125,139.3125,139.3125,139.3125,139.3125
neutral,140,140,140,140,3,140.6875,140.6875,140.6875,140.6875,140.6875,140.6875
neutral,141,141,141,141,3,140.6875,140.6875,140.6875,140.6875,140.6875,140.6875
neutral,142,142,142,142,3,140.6875,140.6875,140.6875,140.6875,140.6875,140.6875
neutral,143,143,143,143,3,140.6875,140.6875,140.6875,140.6875,140.6875,140.6875
neutral,144,144,144,144,3,147.3125,147.3125,147.3125,147.3125,147.3125,147.3125
neutral,145,145,145,145,3,147.3125,147.3125,147.3125,147.3125,147.3125,147.3125
neutral,146,146,146,146,3,147.3125,147.3125,147.3125,147.3125,147.3125,147.3125
neutral,147,147,147,147,3,147.3125,147.3125,147.3125,147.3125,147.3125,147.3125
neutral,148,148,148,148,3,148.6875,148.6875,148.6875,148.6875,148.6875,148.6875
neutral,149,149,149,149,3,148.6875,148.6875,148.6875,148.6875,148.6875,148.6875
neutral,150,150,150,150,3,148.6875,148.6875,148.6875,148.6875,148.6875,148.6875
neutral,151,151,151,151,3,148.6875,148.6875,148.6875,148.6875,148.6875,148.6875
neutral,152,152,152,152,3,155.3125,155.3125,155.3125,155.3125,155.3125,155.3125
neutral,153,153,153,153,3,155.3125,155.3125,155.3125,155.3125,155.3125,155.3125
neutral,154,154,154,154,3,155.3125,155.3125,155.3125,155.3125,155.3125,155.3125
neutral,155,155,155,155,3,155.3125,155.3125,155.3125,155.3125,155.3125,155.3125
neutral,156,156,156,156,3,156.6875,156.6875,156.6875,156.6875,156.6875,156.6875
neutral,157,157,157,157,3,156.6875,156.6875,156.6875,156.6875,156.6875,156.6875
neutral,158,158,158,158,3,156.6875,156.6875,156.6875,156.6875,156.6875,156.6875
neutral,159,159,159,159,3,156.6875,156.6875,156.6875,156.6875,156.6875,156.6875
neutral,160,160,160,160,3,164.0,164.0,164.0,164.0,164.0,164.0
neutral,161,161,161,161,3,164.0,164.0,164.0,164.0,164.0,164.0
neutral,162,162,162,162,3,164.0,164.0,164.0,164.0,164.0,164.0
neutral,163,163,163,163,3,164.0,164.0,164.0,164.0,164.0,164.0
neutral,164,164,164,164,3,165.3125,165.3125,165.3125,165.3125,165.3125,165.3125
neutral,165,165,165,165,3,165.3125,165.3125,165.3125,165.3125,165.3125,165.3125
neutral,166,166,166,166,3,165.3125,165.3125,165.3125,165.3125,165.3125,165.3125
neutral,167,167,167,167,3,165.3125,165.3125,165.3125,165.3125,165.3125,165.3125
neutral,168,168,168,168,3,172.0,172.0,172.0,172.0,172.0,172.0
neutral,169,169,169,169,3,172.0,172.0,172.0,172.0,172.0,172.0
neutral,170,170,170,170,3,172.0,172.0,172.0,172.0,172.0,172.0
neutral,171,171,171,171,3,172.0,172.0,172.0,172.0,172.0,172.0
neutral,172,172,172,172,3,173.3125,173.3125,173.3125,173.3125,173.3125,173.3125
neutral,173,173,173,173,3,173.3125,173.3125,173.3125,173.3125,173.3125,173.3125
neutral,174,174,174,174,3,173.3125,173.3125,173.3125,173.3125,173.3125,173.3125
neutral,175,175,175,175,3,173.3125,173.3125,173.3125,173.3125,173.3125,173.3125
neutral,176,176,176,176,3,180.0,180.0,180.0,180.0,180.0,180.0
neutral,177,177,177,177,3,180.0,180.0,180.0,180.0,180.0,180.0
neutral,178,178,178,178,3,180.0,180.0,180.0,180.0,180.0,180.0
neutral,179,179,179,179,3,180.0,180.0,180.0,180.0,180.0,180.0
neutral,180,180,180,180,3,181.3125,181.3125,181.3125,181.3125,181.3125,181.3125
neutral,181,181,181,181,3,181.3125,181.3125,181.3125,181.3125,181.3125,181.3125
neutral,182,182,182,182,3,181.3125,181.3125,181.3125,181.3125,181.3125,181.3125
neutral,183,183,183,183,3,181.3125,181.3125,181.3125,181.3125,181.3125,181.3125
neutral,184,184,184,184,3,188.0,188.0,188.0,188.0,188.0,188.0
neutral,185,185,185,185,3,188.0,188.0,188.0,188.0,188.0,188.0
neutral,186,186,186,186,3,188.0,188.0,188.0,188.0,188.0,188.0
neutral,187,187,187,187,3,188.0,188.0,188.0,188.0,188.0,188.0
neutral,188,188,188,188,3,189.3125,189.3125,189.3125,189.3125,189.3125,189.3125
neutral,189,189,189,189,3,189.3125,189.3125,189.3125,189.3125,189.3125,189.3125
neutral,190,190,190,190,3,189.3125,189.3125,189.3125,189.3125,189.3125,189.3125
neutral,191,191,191,191,3,189.3125,189.3125,189.3125,189.3125,189.3125,189.3125
neutral,192,192,192,192,3,197.0,197.0,197.0,197.0,197.0,197.0
neutral,193,193,193,193,3,197.0,197.0,197.0,197.0,197.0,197.0
neutral,194,194,194,194,3,197.0,197.0,197.0,197.0,197.0,197.0
neutral,195,195,195,195,3,197.0,197.0,197.0,197.0,197.0,197.0
neutral,196,196,196,196,3,198.3125,198.3125,198.3125,198.3125,198.3125,198.3125
neutral,197,197,197,197,3,198.3125,198.3125,198.3125,198.3125,198.3125,198.3125
neutral,198,198,198,198,3,198.3125,198.3125,198.3125,198.3125,198.3125,198.3125
neutral,199,199,199,199,3,198.3125,198.3125,198.3125,198.3125,198.3125,198.3125
neutral,200,200,200,200,3,205.0,205.0,205.0,205.0,205.0,205.0
neutral,201,201,201,201,3,205.0,205.0,205.0,205.0,205.0,205.0
neutral,202,202,202,202,3,205.0,205.0,205.0,205.0,205.0,205.0
neutral,203,203,203,203,3,205.0,205.0,205.0,205.0,205.0,205.0
neutral,204,204,204,204,3,206.3125,206.3125,206.3125,206.3125,206.3125,206.3125
neutral,205,205,205,205,3,206.3125,206.3125,206.3125,206.3125,206.3125,206.3125
neutral,206,206,206,206,3,206.3125,206.3125,206.3125,206.3125,206.3125,206.3125
neutral,207,207,207,207,3,206.3125,206.3125,206.3125,206.3125,206.3125,206.3125
neutral,208,208,208,208,3,213.0,213.0,213.0,213.0,213.0,213.0
neutral,209,209,209,209,3,213.0,213.0,213.0,213.0,213.0,213.0
neutral,210,210,210,210,3,213.0,213.0,213.0,213.0,213.0,213.0
neutral,211,211,211,211,3,213.0,213.0,213.0,213.0,213.0,213.0
neutral,212,212,212,212,3,214.3125,214.3125,214.3125,214.3125,214.3125,214.3125
neutral,213,213,213,213,3,214.3125,214.3125,214.3125,214.3125,214.3125,214.3125
neutral,214,214,214,214,3,214.3125,214.3125,214.3125,214.3125,214.3125,214.3125
neutral,215,215,215,215,3,214.3125,214.3125,214.3125,214.3125,214.3125,214.3125
neutral,216,216,216,216,3,221.0,221.0,221.0,221.0,221.0,221.0
neutral,217,217,217,217,3,221.0,221.0,221.0,221.0,221.0,221.0
neutral,218,218,218,218,3,221.0,221.0,221.0,221.0,221.0,221.0
neutral,219,219,219,219,3,221.0,221.0,221.0,221.0,221.0,221.0
neutral,220,220,220,220,3,222.3125,222.3125,222.3125,222.3125,222.3125,222.3125
neutral,221,221,221,221,3,222.3125,222.3125,222.3125,222.3125,222.3125,222.3125
neutral,222,222,222,222,3,222.3125,222.3125,222.3125,222.3125,222.3125,222.3125
neutral,223,223,223,223,3,222.3125,222.3125,222.3125,222.3125,222.3125,222.3125
neutral,224,224,224,224,3,229.6875,229.6875,229.6875,229.6875,229.6875,229.6875
neutral,225,225,225,225,3,229.6875,229.6875,229.6875,229.6875,229.6875,229.6875
neutral,226,226,226,226,3,229.6875,229.6875,229.6875,229.6875,229.6875,229.6875
neutral,227,227,227,227,3,229.6875,229.6875,229.6875,229.6875,229.6875,229.6875
neutral,228,228,228,228,3,231.0,231.0,231.0,231.0,231.0,231.0
neutral,229,229,229,229,3,231.0,231.0,231.0,231.0,231.0,231.0
neutral,230,230,230,230,3,231.0,231.0,231.0,231.0,231.0,231.0
neutral,231,231,231,231,3,231.0,231.0,231.0,231.0,231.0,231.0
neutral,232,232,232,232,3,237.6875,237.6875,237.6875,237.6875,237.6875,237.6875
neutral,233,233,233,233,3,237.6875,237.6875,237.6875,237.6875,237.6875,237.6875
neutral,234,234,234,234,3,237.6875,237.6875,237.6875,237.6875,237.6875,237.6875
neutral,235,235,235,235,3,237.6875,237.6875,237.6875,237.6875,237.6875,237.6875
neutral,236,236,236,236,3,239.0,239.0,239.0,239.0,239.0,239.0
neutral,237,237,237,237,3,239.0,239.0,239.0,239.0,239.0,239.0
neutral,238,238,238,238,3,239.0,239.0,239.0,239.0,239.0,239.0
neutral,239,239,239,239,3,239.0,239.0,239.0,239.0,239.0,239.0
neutral,240,240,240,240,3,245.6875,245.6875,245.6875,245.6875,245.6875,245.6875
neutral,241,241,241,241,3,245.6875,245.6875,245.6875,245.6875,245.6875,245.6875
neutral,242,242,242,242,3,245.6875,245.6875,245.6875,245.6875,245.6875,245.6875
neutral,243,243,243,243,3,245.6875,245.6875,245.6875,245.6875,245.6875,245.6875
neutral,244,244,244,244,3,247.0,247.0,247.0,247.0,247.0,247.0
neutral,245,245,245,245,3,247.0,247.0,247.0,247.0,247.0,247.0
neutral,246,246,246,246,3,247.0,247.0,247.0,247.0,247.0,247.0
neutral,247,247,247,247,3,247.0,247.0,247.0,247.0,247.0,247.0
neutral,248,248,248,248,3,253.6875,253.6875,253.6875,253.6875,253.6875,253.6875
neutral,249,249,249,249,3,253.6875,253.6875,253.6875,253.6875,253.6875,253.6875
neutral,250,250,250,250,3,253.6875,253.6875,253.6875,253.6875,253.6875,253.6875
neutral,251,251,251,251,3,253.6875,253.6875,253.6875,253.6875,253.6875,253.6875
neutral,252,252,252,252,3,255.0,255.0,255.0,255.0,255.0,255.0
neutral,253,253,253,253,3,255.0,255.0,255.0,255.0,255.0,255.0
neutral,254,254,254,254,3,255.0,255.0,255.0,255.0,255.0,255.0
neutral,255,255,255,255,3,255.0,255.0,255.0,255.0,255.0,255.0
cheek_direction,0,0,0,0,3,0.0,0.0,0.0,0.0,0.0,0.0
cheek_direction,1,1,1,1,3,0.0,0.0,0.0,0.0,0.0,0.0
cheek_direction,2,2,2,1,3,0.0,0.0,0.0,0.0,0.0,0.0
cheek_direction,3,3,2,2,3,0.0,0.0,0.0,0.0,0.0,0.0
cheek_direction,4,4,3,3,3,0.0,0.0,0.0,0.0,0.0,0.0
cheek_direction,5,5,4,3,3,1.3125,1.3125,1.3125,1.3125,1.3125,1.3125
cheek_direction,6,6,5,4,3,1.3125,1.3125,1.3125,1.3125,1.3125,1.3125
cheek_direction,7,7,6,5,3,1.3125,1.3125,1.3125,1.3125,1.3125,1.3125
cheek_direction,8,8,6,5,3,4.0,4.0,4.0,4.0,4.0,4.0
cheek_direction,9,9,7,6,3,4.0,4.0,4.0,4.0,4.0,4.0
cheek_direction,10,10,8,7,3,5.3125,5.3125,5.3125,5.3125,5.3125,5.3125
cheek_direction,11,11,9,7,3,5.3125,5.3125,5.3125,5.3125,5.3125,5.3125
cheek_direction,12,12,9,8,3,8.0,8.0,8.0,8.0,8.0,8.0
cheek_direction,13,13,10,9,3,8.0,8.0,8.0,8.0,8.0,8.0
cheek_direction,14,14,11,9,3,8.0,8.0,8.0,8.0,8.0,8.0
cheek_direction,15,15,12,10,3,9.3125,9.3125,9.3125,9.3125,9.3125,9.3125
cheek_direction,16,16,13,11,3,12.0,12.0,12.0,12.0,12.0,12.0
cheek_direction,17,17,13,11,3,12.0,12.0,12.0,12.0,12.0,12.0
cheek_direction,18,18,14,12,3,12.0,12.0,12.0,12.0,12.0,12.0
cheek_direction,19,19,15,13,3,12.0,12.0,12.0,12.0,12.0,12.0
cheek_direction,20,20,16,13,3,13.3125,13.3125,13.3125,13.3125,13.3125,13.3125
cheek_direction,21,21,17,14,3,13.3125,13.3125,13.3125,13.3125,13.3125,13.3125
cheek_direction,22,22,17,15,3,13.3125,13.3125,13.3125,13.3125,13.3125,13.3125
cheek_direction,23,23,18,15,3,13.3125,13.3125,13.3125,13.3125,13.3125,13.3125
cheek_direction,24,24,19,16,3,18.6875,18.6875,18.6875,18.6875,18.6875,18.6875
cheek_direction,25,25,20,17,3,20.0,20.0,20.0,20.0,20.0,20.0
cheek_direction,26,26,20,17,3,20.0,20.0,20.0,20.0,20.0,20.0
cheek_direction,27,27,21,18,3,20.0,20.0,20.0,20.0,20.0,20.0
cheek_direction,28,28,22,19,3,20.0,20.0,20.0,20.0,20.0,20.0
cheek_direction,29,29,23,19,3,20.0,20.0,20.0,20.0,20.0,20.0
cheek_direction,30,30,24,20,3,21.3125,21.3125,21.3125,21.3125,21.3125,21.3125
cheek_direction,31,31,24,21,3,21.3125,21.3125,21.3125,21.3125,21.3125,21.3125
cheek_direction,32,32,25,21,111,33.0,24.0,16.0,33.0,24.0,16.0
cheek_direction,33,33,26,22,111,33.0,24.0,16.0,33.0,24.0,16.0
cheek_direction,34,34,27,23,111,33.0,24.0,16.0,33.0,24.0,16.0
cheek_direction,35,35,28,23,111,33.0,28.0,16.0,33.0,28.0,16.0
cheek_direction,36,36,28,24,111,33.0,28.0,24.0,33.0,28.0,24.0
cheek_direction,37,37,29,25,111,33.0,28.0,24.0,33.0,28.0,24.0
cheek_direction,38,38,30,25,111,33.0,28.0,24.0,33.0,28.0,24.0
cheek_direction,39,39,31,26,111,33.0,28.0,24.0,33.0,28.0,24.0
cheek_direction,40,40,32,27,111,41.0,32.0,24.0,41.0,32.0,24.0
cheek_direction,41,41,32,27,111,41.0,32.0,24.0,41.0,32.0,24.0
cheek_direction,42,42,33,28,111,41.0,32.0,24.0,41.0,32.0,24.0
cheek_direction,43,43,34,29,111,41.0,32.0,24.0,41.0,32.0,24.0
cheek_direction,44,44,35,29,111,41.0,32.0,24.0,41.0,32.0,24.0
cheek_direction,45,45,35,30,111,41.0,32.0,24.0,41.0,32.0,24.0
cheek_direction,46,46,36,31,111,41.0,36.0,24.0,41.0,36.0,24.0
cheek_direction,47,47,37,31,111,41.0,36.0,24.0,41.0,36.0,24.0
cheek_direction,48,48,38,32,111,49.0,36.0,33.0,49.0,36.0,33.0
cheek_direction,49,49,39,33,111,49.0,36.0,33.0,49.0,36.0,33.0
cheek_direction,50,50,39,33,111,49.0,36.0,33.0,49.0,36.0,33.0
cheek_direction,51,51,40,34,111,49.0,40.0,33.0,49.0,40.0,33.0
cheek_direction,52,52,41,35,111,49.0,40.0,33.0,49.0,40.0,33.0
cheek_direction,53,53,42,35,111,49.0,40.0,33.0,49.0,40.0,33.0
cheek_direction,54,54,43,36,111,49.0,40.0,33.0,49.0,40.0,33.0
cheek_direction,55,55,43,37,111,49.0,40.0,33.0,49.0,40.0,33.0
cheek_direction,56,56,44,37,11,57.0,33.0,33.0,57.0,33.0,33.0
cheek_direction,57,57,45,38,11,57.0,33.0,33.0,57.0,33.0,33.0
cheek_direction,58,58,46,39,11,57.0,33.0,33.0,57.0,33.0,33.0
cheek_direction,59,59,47,39,11,57.0,33.0,33.0,57.0,33.0,33.0
cheek_direction,60,60,47,40,111,57.0,44.0,41.0,57.0,44.0,41.0
cheek_direction,61,61,48,41,111,57.0,48.0,41.0,57.0,48.0,41.0
cheek_direction,62,62,49,41,111,57.0,48.0,41.0,57.0,48.0,41.0
cheek_direction,63,63,50,42,111,57.0,48.0,41.0,57.0,48.0,41.0
cheek_direction,64,64,50,43,11,66.0,41.0,41.0,66.0,41.0,41.0
cheek_direction,65,65,51,43,11,66.0,41.0,41.0,66.0,41.0,41.0
cheek_direction,66,66,52,44,11,66.0,41.0,41.0,66.0,41.0,41.0
cheek_direction,67,67,53,45,11,66.0,41.0,41.0,66.0,41.0,41.0
cheek_direction,68,68,54,45,11,66.0,41.0,41.0,66.0,41.0,41.0
cheek_direction,69,69,54,46,11,66.0,41.0,41.0,66.0,41.0,41.0
cheek_direction,70,70,55,47,11,66.0,41.0,41.0,66.0,41.0,41.0
cheek_direction,71,71,56,47,15,66.0,56.0,41.0,66.0,56.0,41.0
cheek_direction,72,72,57,48,11,74.0,49.0,49.0,74.0,49.0,49.0
cheek_direction,73,73,58,49,11,74.0,49.0,49.0,74.0,49.0,49.0
cheek_direction,74,74,58,49,11,74.0,49.0,49.0,74.0,49.0,49.0
cheek_direction,75,75,59,50,11,74.0,49.0,49.0,74.0,49.0,49.0
cheek_direction,76,76,60,51,11,74.0,49.0,49.0,74.0,49.0,49.0
cheek_direction,77,77,61,51,11,74.0,49.0,49.0,74.0,49.0,49.0
cheek_direction,78,78,61,52,11,74.0,49.0,49.0,74.0,49.0,49.0
cheek_direction,79,79,62,53,11,74.0,49.0,49.0,74.0,49.0,49.0
cheek_direction,80,80,63,53,11,82.0,49.0,49.0,82.0,49.0,49.0
cheek_direction,81,81,64,54,15,82.0,65.0,49.0,82.0,65.0,49.0
cheek_direction,82,82,65,55,15,82.0,65.0,49.0,82.0,65.0,49.0
cheek_direction,83,83,65,55,15,82.0,65.0,49.0,82.0,65.0,49.0
cheek_direction,84,84,66,56,11,82.0,57.0,57.0,82.0,57.0,57.0
cheek_direction,85,85,67,57,11,82.0,57.0,57.0,82.0,57.0,57.0
cheek_direction,86,86,68,57,15,82.0,69.0,57.0,82.0,69.0,57.0
cheek_direction,87,87,69,58,15,82.0,69.0,57.0,82.0,69.0,57.0
cheek_direction,88,88,69,59,15,90.0,69.0,57.0,90.0,69.0,57.0
cheek_direction,89,89,70,59,15,90.0,69.0,57.0,90.0,69.0,57.0
cheek_direction,90,90,71,60,15,90.0,69.0,57.0,90.0,69.0,57.0
cheek_direction,91,91,72,61,15,90.0,73.0,57.0,90.0,73.0,57.0
cheek_direction,92,92,73,61,15,90.0,73.0,57.0,90.0,73.0,57.0
cheek_direction,93,93,73,62,15,90.0,73.0,57.0,90.0,73.0,57.0
cheek_direction,94,94,74,63,15,90.0,73.0,57.0,90.0,73.0,57.0
cheek_direction,95,95,75,63,15,90.0,73.0,57.0,90.0,73.0,57.0
cheek_direction,96,96,76,64,11,99.0,66.0,66.0,99.0,66.0,66.0
cheek_direction,97,97,76,65,11,99.0,66.0,66.0,99.0,66.0,66.0
cheek_direction,98,98,77,65,11,99.0,66.0,66.0,99.0,66.0,66.0
cheek_direction,99,99,78,66,11,99.0,66.0,66.0,99.0,66.0,66.0
cheek_direction,100,100,79,67,11,99.0,66.0,66.0,99.0,66.0,66.0
cheek_direction,101,101,80,67,15,99.0,81.0,66.0,99.0,81.0,66.0
cheek_direction,102,102,80,68,15,99.0,81.0,66.0,99.0,81.0,66.0
cheek_direction,103,103,81,69,15,99.0,81.0,66.0,99.0,81.0,66.0
cheek_direction,104,104,82,69,15,107.0,81.0,66.0,107.0,81.0,66.0
cheek_direction,105,105,83,70,15,107.0,81.0,66.0,107.0,81.0,66.0
cheek_direction,106,106,84,71,15,107.0,85.0,66.0,107.0,85.0,66.0
cheek_direction,107,107,84,71,15,107.0,85.0,66.0,107.0,85.0,66.0
cheek_direction,108,108,85,72,11,107.0,74.0,74.0,107.0,74.0,74.0
cheek_direction,109,109,86,73,11,107.0,74.0,74.0,107.0,74.0,74.0
cheek_direction,110,110,87,73,11,107.0,74.0,74.0,107.0,74.0,74.0
cheek_direction,111,111,87,74,11,107.0,74.0,74.0,107.0,74.0,74.0
cheek_direction,112,112,88,75,15,115.0,89.0,74.0,115.0,89.0,74.0
cheek_direction,113,113,89,75,15,115.0,89.0,74.0,115.0,89.0,74.0
cheek_direction,114,114,90,76,15,115.0,89.0,74.0,115.0,89.0,74.0
cheek_direction,115,115,91,77,15,115.0,89.0,74.0,115.0,89.0,74.0
cheek_direction,116,116,91,77,15,115.0,89.0,74.0,115.0,89.0,74.0
cheek_direction,117,117,92,78,15,115.0,93.0,74.0,115.0,93.0,74.0
cheek_direction,118,118,93,79,15,115.0,93.0,74.0,115.0,93.0,74.0
cheek_direction,119,119,94,79,15,115.0,93.0,74.0,115.0,93.0,74.0
cheek_direction,120,120,95,80,11,123.0,82.0,82.0,123.0,82.0,82.0
cheek_direction,121,121,95,81,11,123.0,82.0,82.0,123.0,82.0,82.0
cheek_direction,122,122,96,81,15,123.0,97.0,82.0,123.0,97.0,82.0
cheek_direction,123,123,97,82,15,123.0,97.0,82.0,123.0,97.0,82.0
cheek_direction,124,124,98,83,15,123.0,97.0,82.0,123.0,97.0,82.0
cheek_direction,125,125,99,83,15,123.0,97.0,82.0,123.0,97.0,82.0
cheek_direction,126,126,99,84,15,123.0,97.0,82.0,123.0,97.0,82.0
cheek_direction,127,127,100,85,15,123.0,101.0,82.0,123.0,101.0,82.0
cheek_direction,128,128,101,85,15,132.0,101.0,82.0,132.0,101.0,82.0
cheek_direction,129,129,102,86,15,132.0,101.0,82.0,132.0,101.0,82.0
cheek_direction,130,130,102,87,15,132.0,101.0,82.0,132.0,101.0,82.0
cheek_direction,131,131,103,87,15,132.0,101.0,82.0,132.0,101.0,82.0
cheek_direction,132,132,104,88,15,132.0,105.0,90.0,132.0,105.0,90.0
cheek_direction,133,133,105,89,15,132.0,105.0,90.0,132.0,105.0,90.0
cheek_direction,134,134,106,89,15,132.0,105.0,90.0,132.0,105.0,90.0
cheek_direction,135,135,106,90,15,132.0,105.0,90.0,132.0,105.0,90.0
cheek_direction,136,136,107,91,15,140.0,105.0,90.0,140.0,105.0,90.0
cheek_direction,137,137,108,91,15,140.0,109.0,90.0,140.0,109.0,90.0
cheek_direction,138,138,109,92,15,140.0,109.0,90.0,140.0,109.0,90.0
cheek_direction,139,139,110,93,15,140.0,109.0,90.0,140.0,109.0,90.0
cheek_direction,140,140,110,93,15,140.0,109.0,90.0,140.0,109.0,90.0
cheek_direction,141,141,111,94,15,140.0,109.0,90.0,140.0,109.0,90.0
cheek_direction,142,142,112,95,15,140.0,113.0,90.0,140.0,113.0,90.0
cheek_direction,143,143,113,95,15,140.0,113.0,90.0,140.0,113.0,90.0
cheek_direction,144,144,114,96,15,148.0,113.0,99.0,148.0,113.0,99.0
cheek_direction,145,145,114,97,15,148.0,113.0,99.0,148.0,113.0,99.0
cheek_direction,146,146,115,97,15,148.0,113.0,99.0,148.0,113.0,99.0
cheek_direction,147,147,116,98,15,148.0,117.0,99.0,148.0,117.0,99.0
cheek_direction,148,148,117,99,15,148.0,117.0,99.0,148.0,117.0,99.0
cheek_direction,149,149,117,99,15,148.0,117.0,99.0,148.0,117.0,99.0
cheek_direction,150,150,118,100,15,148.0,117.0,99.0,148.0,117.0,99.0
cheek_direction,151,151,119,101,15,148.0,117.0,99.0,148.0,117.0,99.0
cheek_direction,152,152,120,101,15,156.0,121.0,99.0,156.0,121.0,99.0
cheek_direction,153,153,121,102,15,156.0,121.0,99.0,156.0,121.0,99.0
cheek_direction,154,154,121,103,15,156.0,121.0,99.0,156.0,121.0,99.0
cheek_direction,155,155,122,103,15,156.0,121.0,99.0,156.0,121.0,99.0
cheek_direction,156,156,123,104,15,156.0,121.0,107.0,156.0,121.0,107.0
cheek_direction,157,157,124,105,15,156.0,125.0,107.0,156.0,125.0,107.0
cheek_direction,158,158,125,105,15,156.0,125.0,107.0,156.0,125.0,107.0
cheek_direction,159,159,125,106,15,156.0,125.0,107.0,156.0,125.0,107.0
cheek_direction,160,160,126,107,15,165.0,125.0,107.0,165.0,125.0,107.0
cheek_direction,161,161,127,107,15,165.0,125.0,107.0,165.0,125.0,107.0
cheek_direction,162,162,128,108,15,165.0,130.0,107.0,165.0,130.0,107.0
cheek_direction,163,163,128,109,15,165.0,130.0,107.0,165.0,130.0,107.0
cheek_direction,164,164,129,109,15,165.0,130.0,107.0,165.0,130.0,107.0
cheek_direction,165,165,130,110,15,165.0,130.0,107.0,165.0,130.0,107.0
cheek_direction,166,166,131,111,15,165.0,130.0,107.0,165.0,130.0,107.0
cheek_direction,167,167,132,111,15,165.0,134.0,107.0,165.0,134.0,107.0
cheek_direction,168,168,132,112,15,173.0,134.0,115.0,173.0,134.0,115.0
cheek_direction,169,169,133,113,15,173.0,134.0,115.0,173.0,134.0,115.0
cheek_direction,170,170,134,113,15,173.0,134.0,115.0,173.0,134.0,115.0
cheek_direction,171,171,135,114,15,173.0,134.0,115.0,173.0,134.0,115.0
cheek_direction,172,172,136,115,15,173.0,138.0,115.0,173.0,138.0,115.0
cheek_direction,173,173,136,115,15,173.0,138.0,115.0,173.0,138.0,115.0
cheek_direction,174,174,137,116,15,173.0,138.0,115.0,173.0,138.0,115.0
cheek_direction,175,175,138,117,15,173.0,138.0,115.0,173.0,138.0,115.0
cheek_direction,176,176,139,117,15,181.0,138.0,115.0,181.0,138.0,115.0
cheek_direction,177,177,140,118,15,181.0,142.0,115.0,181.0,142.0,115.0
cheek_direction,178,178,140,119,15,181.0,142.0,115.0,181.0,142.0,115.0
cheek_direction,179,179,141,119,15,181.0,142.0,115.0,181.0,142.0,115.0
cheek_direction,180,180,142,120,15,181.0,142.0,123.0,181.0,142.0,123.0
cheek_direction,181,181,143,121,15,181.0,142.0,123.0,181.0,142.0,123.0
cheek_direction,182,182,143,121,15,181.0,142.0,123.0,181.0,142.0,123.0
cheek_direction,183,183,144,122,15,181.0,146.0,123.0,181.0,146.0,123.0
cheek_direction,184,184,145,123,15,189.0,146.0,123.0,189.0,146.0,123.0
cheek_direction,185,185,146,123,15,189.0,146.0,123.0,189.0,146.0,123.0
cheek_direction,186,186,147,124,15,189.0,146.0,123.0,189.0,146.0,123.0
cheek_direction,187,187,147,125,15,189.0,146.0,123.0,189.0,146.0,123.0
cheek_direction,188,188,148,125,15,189.0,150.0,123.0,189.0,150.0,123.0
cheek_direction,189,189,149,126,15,189.0,150.0,123.0,189.0,150.0,123.0
cheek_direction,190,190,150,127,15,189.0,150.0,123.0,189.0,150.0,123.0
cheek_direction,191,191,151,127,15,189.0,150.0,123.0,189.0,150.0,123.0
cheek_direction,192,192,151,128,15,198.0,150.0,132.0,198.0,150.0,132.0
cheek_direction,193,193,152,129,15,198.0,154.0,132.0,198.0,154.0,132.0
cheek_direction,194,194,153,129,15,198.0,154.0,132.0,198.0,154.0,132.0
cheek_direction,195,195,154,130,15,198.0,154.0,132.0,198.0,154.0,132.0
cheek_direction,196,196,154,131,15,198.0,154.0,132.0,198.0,154.0,132.0
cheek_direction,197,197,155,131,15,198.0,154.0,132.0,198.0,154.0,132.0
cheek_direction,198,198,156,132,15,198.0,158.0,132.0,198.0,158.0,132.0
cheek_direction,199,199,157,133,15,198.0,158.0,132.0,198.0,158.0,132.0
cheek_direction,200,200,158,133,15,206.0,158.0,132.0,206.0,158.0,132.0
cheek_direction,201,201,158,134,15,206.0,158.0,132.0,206.0,158.0,132.0
cheek_direction,202,202,159,135,15,206.0,158.0,132.0,206.0,158.0,132.0
cheek_direction,203,203,160,135,15,206.0,162.0,132.0,206.0,162.0,132.0
cheek_direction,204,204,161,136,15,206.0,162.0,140.0,206.0,162.0,140.0
cheek_direction,205,205,162,137,15,206.0,162.0,140.0,206.0,162.0,140.0
cheek_direction,206,206,162,137,15,206.0,162.0,140.0,206.0,162.0,140.0
cheek_direction,207,207,163,138,15,206.0,162.0,140.0,206.0,162.0,140.0
cheek_direction,208,208,164,139,15,214.0,166.0,140.0,214.0,166.0,140.0
cheek_direction,209,209,165,139,15,214.0,166.0,140.0,214.0,166.0,140.0
cheek_direction,210,210,166,140,15,214.0,166.0,140.0,214.0,166.0,140.0
cheek_direction,211,211,166,141,15,214.0,166.0,140.0,214.0,166.0,140.0
cheek_direction,212,212,167,141,15,214.0,166.0,140.0,214.0,166.0,140.0
cheek_direction,213,213,168,142,15,214.0,170.0,140.0,214.0,170.0,140.0
cheek_direction,214,214,169,143,15,214.0,170.0,140.0,214.0,170.0,140.0
cheek_direction,215,215,169,143,15,214.0,170.0,140.0,214.0,170.0,140.0
cheek_direction,216,216,170,144,15,222.0,170.0,148.0,222.0,170.0,148.0
cheek_direction,217,217,171,145,15,222.0,170.0,148.0,222.0,170.0,148.0
cheek_direction,218,218,172,145,15,222.0,174.0,148.0,222.0,174.0,148.0
cheek_direction,219,219,173,146,15,222.0,174.0,148.0,222.0,174.0,148.0
cheek_direction,220,220,173,147,15,222.0,174.0,148.0,222.0,174.0,148.0
cheek_direction,221,221,174,147,15,222.0,174.0,148.0,222.0,174.0,148.0
cheek_direction,222,222,175,148,15,222.0,174.0,148.0,222.0,174.0,148.0
cheek_direction,223,223,176,149,15,222.0,178.0,148.0,222.0,178.0,148.0
cheek_direction,224,224,177,149,15,231.0,178.0,148.0,231.0,178.0,148.0
cheek_direction,225,225,177,150,15,231.0,178.0,148.0,231.0,178.0,148.0
cheek_direction,226,226,178,151,15,231.0,178.0,148.0,231.0,178.0,148.0
cheek_direction,227,227,179,151,15,231.0,178.0,148.0,231.0,178.0,148.0
cheek_direction,228,228,180,152,15,231.0,182.0,156.0,231.0,182.0,156.0
cheek_direction,229,229,181,153,15,231.0,182.0,156.0,231.0,182.0,156.0
cheek_direction,230,230,181,153,15,231.0,182.0,156.0,231.0,182.0,156.0
cheek_direction,231,231,182,154,15,231.0,182.0,156.0,231.0,182.0,156.0
cheek_direction,232,232,183,155,15,237.25,182.5,156.0,237.25,182.5,156.0
cheek_direction,233,233,184,155,15,238.25,186.1875,156.0,238.25,186.1875,156.0
cheek_direction,234,234,184,156,15,238.25,186.1875,156.0,238.25,186.1875,156.0
cheek_direction,235,235,185,157,15,238.25,186.1875,156.0,238.25,186.1875,156.0
cheek_direction,236,236,186,157,15,238.25,186.1875,156.0,238.25,186.1875,156.0
cheek_direction,237,237,187,158,15,238.25,186.1875,156.0,238.25,186.1875,156.0
cheek_direction,238,238,188,159,15,239.0,190.0,156.0,239.0,190.0,156.0
cheek_direction,239,239,188,159,15,239.0,190.0,156.0,239.0,190.0,156.0
cheek_direction,240,240,189,160,15,239.625,192.0,164.875,239.625,192.0,164.875
cheek_direction,241,241,190,161,15,239.625,192.0,164.875,239.625,192.0,164.875
cheek_direction,242,242,191,161,15,239.625,192.0,164.875,239.625,192.0,164.875
cheek_direction,243,243,192,162,15,240.875,196.625,164.875,240.875,196.625,164.875
cheek_direction,244,244,192,163,15,240.875,196.625,164.875,240.875,196.625,164.875
cheek_direction,245,245,193,163,15,240.875,196.625,164.875,240.875,196.625,164.875
cheek_direction,246,246,194,164,15,240.875,196.625,164.875,240.875,196.625,164.875
cheek_direction,247,247,195,165,15,240.875,196.625,164.875,240.875,196.625,164.875
cheek_direction,248,248,195,165,15,241.375,198.625,164.75,241.375,198.625,164.75
cheek_direction,249,249,196,166,15,242.375,202.375,164.8125,242.375,202.375,164.8125
cheek_direction,250,250,197,167,15,242.375,202.375,164.8125,242.375,202.375,164.8125
cheek_direction,251,251,198,167,15,242.375,202.375,164.8125,242.375,202.375,164.8125
cheek_direction,252,252,199,168,15,242.25,202.375,172.8125,242.25,202.375,172.8125
cheek_direction,253,253,199,169,15,242.25,202.375,172.8125,242.25,202.375,172.8125
cheek_direction,254,254,200,169,15,243.25,206.125,172.8125,243.25,206.125,172.8125
cheek_direction,255,255,201,170,15,243.25,206.125,172.8125,243.25,206.125,172.8125
purple_compensation_boundary,0,0,73,255,99,76.9375,49.25,196.25,88.0625,56.375,224.625
purple_compensation_boundary,1,1,73,255,99,76.9375,49.25,196.25,88.0625,56.375,224.625
purple_compensation_boundary,2,2,73,255,99,76.9375,49.25,196.25,88.0625,56.375,224.625
purple_compensation_boundary,3,3,73,255,99,76.9375,49.25,196.25,88.0625,56.375,224.625
purple_compensation_boundary,4,4,73,255,99,76.9375,49.25,196.25,88.0625,56.375,224.625
purple_compensation_boundary,5,5,73,255,99,76.9375,49.25,196.25,88.0625,56.375,224.625
purple_compensation_boundary,6,6,73,255,99,76.9375,49.25,196.25,88.0625,56.375,224.625
purple_compensation_boundary,7,7,73,255,99,76.9375,49.25,196.25,88.0625,56.375,224.625
purple_compensation_boundary,8,8,73,255,99,77.875,49.8125,198.5,89.125,57.0,227.1875
purple_compensation_boundary,9,9,73,255,99,77.875,49.8125,198.5,89.125,57.0,227.1875
purple_compensation_boundary,10,10,73,255,99,77.875,49.8125,198.5,89.125,57.0,227.1875
purple_compensation_boundary,11,11,73,255,99,77.875,49.8125,198.5,89.125,57.0,227.1875
purple_compensation_boundary,12,12,73,255,99,77.875,49.8125,198.5,89.125,57.0,227.1875
purple_compensation_boundary,13,13,73,255,99,77.875,49.8125,198.5,89.125,57.0,227.1875
purple_compensation_boundary,14,14,73,255,99,77.875,49.8125,198.5,89.125,57.0,227.1875
purple_compensation_boundary,15,15,73,255,99,77.875,49.8125,198.5,89.125,57.0,227.1875
purple_compensation_boundary,16,16,73,255,99,78.75,50.375,200.75,90.125,57.6875,229.8125
purple_compensation_boundary,17,17,73,255,99,78.75,50.375,200.75,90.125,57.6875,229.8125
purple_compensation_boundary,18,18,73,255,99,78.75,50.375,200.75,90.125,57.6875,229.8125
purple_compensation_boundary,19,19,73,255,99,78.75,50.375,200.75,90.125,57.6875,229.8125
purple_compensation_boundary,20,20,73,255,99,78.75,50.375,200.75,90.125,57.6875,229.8125
purple_compensation_boundary,21,21,73,255,99,78.75,50.375,200.75,90.125,57.6875,229.8125
purple_compensation_boundary,22,22,73,255,99,78.75,50.375,200.75,90.125,57.6875,229.8125
purple_compensation_boundary,23,23,73,255,99,78.75,50.375,200.75,90.125,57.6875,229.8125
purple_compensation_boundary,24,24,73,255,99,79.625,50.9375,203.0625,91.125,58.3125,232.375
purple_compensation_boundary,25,25,73,255,99,79.625,50.9375,203.0625,91.125,58.3125,232.375
purple_compensation_boundary,26,26,73,255,99,79.625,50.9375,203.0625,91.125,58.3125,232.375
purple_compensation_boundary,27,27,73,255,99,79.625,50.9375,203.0625,91.125,58.3125,232.375
purple_compensation_boundary,28,28,73,255,99,79.625,50.9375,203.0625,91.125,58.3125,232.375
purple_compensation_boundary,29,29,73,255,99,79.625,50.9375,203.0625,91.125,58.3125,232.375
purple_compensation_boundary,30,30,73,255,99,79.625,50.9375,203.0625,91.125,58.3125,232.375
purple_compensation_boundary,31,31,73,255,99,79.625,50.9375,203.0625,91.125,58.3125,232.375
purple_compensation_boundary,32,32,73,255,99,80.5,51.5,205.3125,92.25,59.0625,235.25
purple_compensation_boundary,33,33,73,255,99,80.5,51.5,205.3125,92.25,59.0625,235.25
purple_compensation_boundary,34,34,73,255,99,80.5,51.5,205.3125,92.25,59.0625,235.25
purple_compensation_boundary,35,35,73,255,99,80.5,51.5,205.3125,92.25,59.0625,235.25
purple_compensation_boundary,36,36,73,255,99,80.5,51.5,205.3125,92.25,59.0625,235.25
purple_compensation_boundary,37,37,73,255,99,80.5,51.5,205.3125,92.25,59.0625,235.25
purple_compensation_boundary,38,38,73,255,99,80.5,51.5,205.3125,92.25,59.0625,235.25
purple_compensation_boundary,39,39,73,255,99,80.5,51.5,205.3125,92.25,59.0625,235.25
purple_compensation_boundary,40,40,73,255,99,81.375,52.0625,207.5625,93.25,59.6875,237.8125
purple_compensation_boundary,41,41,73,255,99,81.375,52.0625,207.5625,93.25,59.6875,237.8125
purple_compensation_boundary,42,42,73,255,99,81.375,52.0625,207.5625,93.25,59.6875,237.8125
purple_compensation_boundary,43,43,73,255,99,81.375,52.0625,207.5625,93.25,59.6875,237.8125
purple_compensation_boundary,44,44,73,255,99,81.375,52.0625,207.5625,93.25,59.6875,237.8125
purple_compensation_boundary,45,45,73,255,99,81.375,52.0625,207.5625,93.25,59.6875,237.8125
purple_compensation_boundary,46,46,73,255,99,81.375,52.0625,207.5625,93.25,59.6875,237.8125
purple_compensation_boundary,47,47,73,255,99,81.375,52.0625,207.5625,93.25,59.6875,237.8125
purple_compensation_boundary,48,48,73,255,99,82.25,52.625,209.8125,94.3125,60.3125,240.4375
purple_compensation_boundary,49,49,73,255,99,82.25,52.625,209.8125,94.3125,60.3125,240.4375
purple_compensation_boundary,50,50,73,255,99,82.25,52.625,209.8125,94.3125,60.3125,240.4375
purple_compensation_boundary,51,51,73,255,99,82.25,52.625,209.8125,94.3125,60.3125,240.4375
purple_compensation_boundary,52,52,73,255,99,82.25,52.625,209.8125,94.3125,60.3125,240.4375
purple_compensation_boundary,53,53,73,255,99,82.25,52.625,209.8125,94.3125,60.3125,240.4375
purple_compensation_boundary,54,54,73,255,99,82.25,52.625,209.8125,94.3125,60.3125,240.4375
purple_compensation_boundary,55,55,73,255,99,82.25,52.625,209.8125,94.3125,60.3125,240.4375
purple_compensation_boundary,56,56,73,255,99,83.1875,53.25,212.0625,95.3125,61.0,243.0
purple_compensation_boundary,57,57,73,255,99,83.1875,53.25,212.0625,95.3125,61.0,243.0
purple_compensation_boundary,58,58,73,255,99,83.1875,53.25,212.0625,95.3125,61.0,243.0
purple_compensation_boundary,59,59,73,255,99,83.1875,53.25,212.0625,95.3125,61.0,243.0
purple_compensation_boundary,60,60,73,255,99,83.1875,53.25,212.0625,95.3125,61.0,243.0
purple_compensation_boundary,61,61,73,255,99,83.1875,53.25,212.0625,95.3125,61.0,243.0
purple_compensation_boundary,62,62,73,255,99,83.1875,53.25,212.0625,95.3125,61.0,243.0
purple_compensation_boundary,63,63,73,255,99,83.1875,53.25,212.0625,95.3125,61.0,243.0
purple_compensation_boundary,64,64,73,255,35,96.4375,61.6875,245.875,96.4375,61.6875,245.875
purple_compensation_boundary,65,65,73,255,35,96.4375,61.6875,245.875,96.4375,61.6875,245.875
purple_compensation_boundary,66,66,73,255,35,96.4375,61.6875,245.875,96.4375,61.6875,245.875
purple_compensation_boundary,67,67,73,255,35,96.4375,61.6875,245.875,96.4375,61.6875,245.875
purple_compensation_boundary,68,68,73,255,35,96.4375,61.6875,245.875,96.4375,61.6875,245.875
purple_compensation_boundary,69,69,73,255,35,96.4375,61.6875,245.875,96.4375,61.6875,245.875
purple_compensation_boundary,70,70,73,255,35,96.4375,61.6875,245.875,96.4375,61.6875,245.875
purple_compensation_boundary,71,71,73,255,35,96.4375,61.6875,245.875,96.4375,61.6875,245.875
purple_compensation_boundary,72,72,73,255,35,97.4375,62.375,248.5,97.4375,62.375,248.5
purple_compensation_boundary,73,73,73,255,35,97.4375,62.375,248.5,97.4375,62.375,248.5
purple_compensation_boundary,74,74,73,255,35,97.4375,62.375,248.5,97.4375,62.375,248.5
purple_compensation_boundary,75,75,73,255,35,97.4375,62.375,248.5,97.4375,62.375,248.5
purple_compensation_boundary,76,76,73,255,35,97.4375,62.375,248.5,97.4375,62.375,248.5
purple_compensation_boundary,77,77,73,255,35,97.4375,62.375,248.5,97.4375,62.375,248.5
purple_compensation_boundary,78,78,73,255,35,97.4375,62.375,248.5,97.4375,62.375,248.5
purple_compensation_boundary,79,79,73,255,35,97.4375,62.375,248.5,97.4375,62.375,248.5
purple_compensation_boundary,80,80,73,255,35,98.4375,63.0,251.0625,98.4375,63.0,251.0625
purple_compensation_boundary,81,81,73,255,35,98.4375,63.0,251.0625,98.4375,63.0,251.0625
purple_compensation_boundary,82,82,73,255,35,98.4375,63.0,251.0625,98.4375,63.0,251.0625
purple_compensation_boundary,83,83,73,255,35,98.4375,63.0,251.0625,98.4375,63.0,251.0625
purple_compensation_boundary,84,84,73,255,35,98.4375,63.0,251.0625,98.4375,63.0,251.0625
purple_compensation_boundary,85,85,73,255,35,98.4375,63.0,251.0625,98.4375,63.0,251.0625
purple_compensation_boundary,86,86,73,255,35,98.4375,63.0,251.0625,98.4375,63.0,251.0625
purple_compensation_boundary,87,87,73,255,35,98.4375,63.0,251.0625,98.4375,63.0,251.0625
purple_compensation_boundary,88,88,73,255,43,100.1875,64.6875,253.0625,100.1875,64.6875,253.0625
purple_compensation_boundary,89,89,73,255,43,100.1875,64.6875,253.0625,100.1875,64.6875,253.0625
purple_compensation_boundary,90,90,73,255,43,100.1875,64.6875,253.0625,100.1875,64.6875,253.0625
purple_compensation_boundary,91,91,73,255,43,100.1875,64.6875,253.0625,100.1875,64.6875,253.0625
purple_compensation_boundary,92,92,73,255,43,100.1875,64.6875,253.0625,100.1875,64.6875,253.0625
purple_compensation_boundary,93,93,73,255,43,100.1875,64.6875,253.0625,100.1875,64.6875,253.0625
purple_compensation_boundary,94,94,73,255,43,100.1875,64.6875,253.0625,100.1875,64.6875,253.0625
purple_compensation_boundary,95,95,73,255,43,100.1875,64.6875,253.0625,100.1875,64.6875,253.0625
purple_compensation_boundary,96,96,73,255,43,103.875,69.0,254.0625,103.875,69.0,254.0625
purple_compensation_boundary,97,97,73,255,43,103.875,69.0,254.0625,103.875,69.0,254.0625
purple_compensation_boundary,98,98,73,255,43,103.875,69.0,254.0625,103.875,69.0,254.0625
purple_compensation_boundary,99,99,73,255,43,103.875,69.0,254.0625,103.875,69.0,254.0625
purple_compensation_boundary,100,100,73,255,43,103.875,69.0,254.0625,103.875,69.0,254.0625
purple_compensation_boundary,101,101,73,255,43,103.875,69.0,254.0625,103.875,69.0,254.0625
purple_compensation_boundary,102,102,73,255,43,103.875,69.0,254.0625,103.875,69.0,254.0625
purple_compensation_boundary,103,103,73,255,43,103.875,69.0,254.0625,103.875,69.0,254.0625
purple_compensation_boundary,104,104,73,255,43,107.1875,72.875,254.9375,107.1875,72.875,254.9375
purple_compensation_boundary,105,105,73,255,43,107.1875,72.875,254.9375,107.1875,72.875,254.9375
purple_compensation_boundary,106,106,73,255,43,107.1875,72.875,254.9375,107.1875,72.875,254.9375
purple_compensation_boundary,107,107,73,255,43,107.1875,72.875,254.9375,107.1875,72.875,254.9375
purple_compensation_boundary,108,108,73,255,43,107.1875,72.875,254.9375,107.1875,72.875,254.9375
purple_compensation_boundary,109,109,73,255,43,107.1875,72.875,254.9375,107.1875,72.875,254.9375
purple_compensation_boundary,110,110,73,255,43,107.1875,72.875,254.9375,107.1875,72.875,254.9375
purple_compensation_boundary,111,111,73,255,43,107.1875,72.875,254.9375,107.1875,72.875,254.9375
purple_compensation_boundary,112,112,73,255,43,111.125,76.1875,252.8125,111.125,76.1875,252.8125
purple_compensation_boundary,113,113,73,255,43,111.125,76.1875,252.8125,111.125,76.1875,252.8125
purple_compensation_boundary,114,114,73,255,43,111.125,76.1875,252.8125,111.125,76.1875,252.8125
purple_compensation_boundary,115,115,73,255,43,111.125,76.1875,252.8125,111.125,76.1875,252.8125
purple_compensation_boundary,116,116,73,255,43,111.125,76.1875,252.8125,111.125,76.1875,252.8125
purple_compensation_boundary,117,117,73,255,43,111.125,76.1875,252.8125,111.125,76.1875,252.8125
purple_compensation_boundary,118,118,73,255,43,111.125,76.1875,252.8125,111.125,76.1875,252.8125
purple_compensation_boundary,119,119,73,255,43,111.125,76.1875,252.8125,111.125,76.1875,252.8125
purple_compensation_boundary,120,120,73,255,43,115.0625,79.4375,250.5625,115.0625,79.4375,250.5625
purple_compensation_boundary,121,121,73,255,43,115.0625,79.4375,250.5625,115.0625,79.4375,250.5625
purple_compensation_boundary,122,122,73,255,43,115.0625,79.4375,250.5625,115.0625,79.4375,250.5625
purple_compensation_boundary,123,123,73,255,43,115.0625,79.4375,250.5625,115.0625,79.4375,250.5625
purple_compensation_boundary,124,124,73,255,43,115.0625,79.4375,250.5625,115.0625,79.4375,250.5625
purple_compensation_boundary,125,125,73,255,43,115.0625,79.4375,250.5625,115.0625,79.4375,250.5625
purple_compensation_boundary,126,126,73,255,43,115.0625,79.4375,250.5625,115.0625,79.4375,250.5625
purple_compensation_boundary,127,127,73,255,43,115.0625,79.4375,250.5625,115.0625,79.4375,250.5625
purple_compensation_boundary,128,128,73,255,43,171.6875,115.5,201.6875,119.5,83.1875,248.0
purple_compensation_boundary,129,129,73,255,43,171.6875,115.5,201.6875,119.5,83.1875,248.0
purple_compensation_boundary,130,130,73,255,43,171.6875,115.5,201.6875,119.5,83.1875,248.0
purple_compensation_boundary,131,131,73,255,43,171.6875,115.5,201.6875,119.5,83.1875,248.0
purple_compensation_boundary,132,132,73,255,43,171.6875,115.5,201.6875,119.5,83.1875,248.0
purple_compensation_boundary,133,133,73,255,43,171.6875,115.5,201.6875,119.5,83.1875,248.0
purple_compensation_boundary,134,134,73,255,43,171.6875,115.5,201.6875,119.5,83.1875,248.0
purple_compensation_boundary,135,135,73,255,43,171.6875,115.5,201.6875,119.5,83.1875,248.0
purple_compensation_boundary,136,136,73,255,43,172.375,116.5,201.9375,123.4375,86.4375,245.6875
purple_compensation_boundary,137,137,73,255,43,172.375,116.5,201.9375,123.4375,86.4375,245.6875
purple_compensation_boundary,138,138,73,255,43,172.375,116.5,201.9375,123.4375,86.4375,245.6875
purple_compensation_boundary,139,139,73,255,43,172.375,116.5,201.9375,123.4375,86.4375,245.6875
purple_compensation_boundary,140,140,73,255,43,172.375,116.5,201.9375,123.4375,86.4375,245.6875
purple_compensation_boundary,141,141,73,255,43,172.375,116.5,201.9375,123.4375,86.4375,245.6875
purple_compensation_boundary,142,142,73,255,43,172.375,116.5,201.9375,123.4375,86.4375,245.6875
purple_compensation_boundary,143,143,73,255,43,172.375,116.5,201.9375,123.4375,86.4375,245.6875
purple_compensation_boundary,144,144,73,255,43,172.8125,117.8125,203.0625,127.375,89.75,243.4375
purple_compensation_boundary,145,145,73,255,43,172.8125,117.8125,203.0625,127.375,89.75,243.4375
purple_compensation_boundary,146,146,73,255,43,172.8125,117.8125,203.0625,127.375,89.75,243.4375
purple_compensation_boundary,147,147,73,255,43,172.8125,117.8125,203.0625,127.375,89.75,243.4375
purple_compensation_boundary,148,148,73,255,43,172.8125,117.8125,203.0625,127.375,89.75,243.4375
purple_compensation_boundary,149,149,73,255,43,172.8125,117.8125,203.0625,127.375,89.75,243.4375
purple_compensation_boundary,150,150,73,255,43,172.8125,117.8125,203.0625,127.375,89.75,243.4375
purple_compensation_boundary,151,151,73,255,43,172.8125,117.8125,203.0625,127.375,89.75,243.4375
purple_compensation_boundary,152,152,73,255,43,173.1875,119.0625,204.1875,131.3125,93.0625,241.1875
purple_compensation_boundary,153,153,73,255,43,173.1875,119.0625,204.1875,131.3125,93.0625,241.1875
purple_compensation_boundary,154,154,73,255,43,173.1875,119.0625,204.1875,131.3125,93.0625,241.1875
purple_compensation_boundary,155,155,73,255,43,173.1875,119.0625,204.1875,131.3125,93.0625,241.1875
purple_compensation_boundary,156,156,73,255,43,173.1875,119.0625,204.1875,131.3125,93.0625,241.1875
purple_compensation_boundary,157,157,73,255,43,173.1875,119.0625,204.1875,131.3125,93.0625,241.1875
purple_compensation_boundary,158,158,73,255,43,173.1875,119.0625,204.1875,131.3125,93.0625,241.1875
purple_compensation_boundary,159,159,73,255,43,173.1875,119.0625,204.1875,131.3125,93.0625,241.1875
purple_compensation_boundary,160,160,73,255,43,173.875,120.125,204.4375,135.75,96.75,238.625
purple_compensation_boundary,161,161,73,255,43,173.875,120.125,204.4375,135.75,96.75,238.625
purple_compensation_boundary,162,162,73,255,43,173.875,120.125,204.4375,135.75,96.75,238.625
purple_compensation_boundary,163,163,73,255,43,173.875,120.125,204.4375,135.75,96.75,238.625
purple_compensation_boundary,164,164,73,255,43,173.875,120.125,204.4375,135.75,96.75,238.625
purple_compensation_boundary,165,165,73,255,43,173.875,120.125,204.4375,135.75,96.75,238.625
purple_compensation_boundary,166,166,73,255,43,173.875,120.125,204.4375,135.75,96.75,238.625
purple_compensation_boundary,167,167,73,255,43,173.875,120.125,204.4375,135.75,96.75,238.625
purple_compensation_boundary,168,168,73,255,43,174.3125,121.4375,205.5625,139.6875,100.0,236.3125
purple_compensation_boundary,169,169,73,255,43,174.3125,121.4375,205.5625,139.6875,100.0,236.3125
purple_compensation_boundary,170,170,73,255,43,174.3125,121.4375,205.5625,139.6875,100.0,236.3125
purple_compensation_boundary,171,171,73,255,43,174.3125,121.4375,205.5625,139.6875,100.0,236.3125
purple_compensation_boundary,172,172,73,255,43,174.3125,121.4375,205.5625,139.6875,100.0,236.3125
purple_compensation_boundary,173,173,73,255,43,174.3125,121.4375,205.5625,139.6875,100.0,236.3125
purple_compensation_boundary,174,174,73,255,43,174.3125,121.4375,205.5625,139.6875,100.0,236.3125
purple_compensation_boundary,175,175,73,255,43,174.3125,121.4375,205.5625,139.6875,100.0,236.3125
purple_compensation_boundary,176,176,73,255,43,174.75,122.6875,206.6875,143.625,103.3125,234.0625
purple_compensation_boundary,177,177,73,255,43,174.75,122.6875,206.6875,143.625,103.3125,234.0625
purple_compensation_boundary,178,178,73,255,43,174.75,122.6875,206.6875,143.625,103.3125,234.0625
purple_compensation_boundary,179,179,73,255,43,174.75,122.6875,206.6875,143.625,103.3125,234.0625
purple_compensation_boundary,180,180,73,255,43,174.75,122.6875,206.6875,143.625,103.3125,234.0625
purple_compensation_boundary,181,181,73,255,43,174.75,122.6875,206.6875,143.625,103.3125,234.0625
purple_compensation_boundary,182,182,73,255,43,174.75,122.6875,206.6875,143.625,103.3125,234.0625
purple_compensation_boundary,183,183,73,255,43,174.75,122.6875,206.6875,143.625,103.3125,234.0625
purple_compensation_boundary,184,184,73,255,43,175.4375,123.75,206.9375,147.5625,106.625,231.8125
purple_compensation_boundary,185,185,73,255,43,175.4375,123.75,206.9375,147.5625,106.625,231.8125
purple_compensation_boundary,186,186,73,255,43,175.4375,123.75,206.9375,147.5625,106.625,231.8125
purple_compensation_boundary,187,187,73,255,43,175.4375,123.75,206.9375,147.5625,106.625,231.8125
purple_compensation_boundary,188,188,73,255,43,175.4375,123.75,206.9375,147.5625,106.625,231.8125
purple_compensation_boundary,189,189,73,255,43,175.4375,123.75,206.9375,147.5625,106.625,231.8125
purple_compensation_boundary,190,190,73,255,43,175.4375,123.75,206.9375,147.5625,106.625,231.8125
purple_compensation_boundary,191,191,73,255,43,175.4375,123.75,206.9375,147.5625,106.625,231.8125
purple_compensation_boundary,192,192,73,255,43,175.875,125.0625,208.0625,152.0,110.3125,229.25
purple_compensation_boundary,193,193,73,255,43,175.875,125.0625,208.0625,152.0,110.3125,229.25
purple_compensation_boundary,194,194,73,255,43,175.875,125.0625,208.0625,152.0,110.3125,229.25
purple_compensation_boundary,195,195,73,255,43,175.875,125.0625,208.0625,152.0,110.3125,229.25
purple_compensation_boundary,196,196,73,255,43,175.875,125.0625,208.0625,152.0,110.3125,229.25
purple_compensation_boundary,197,197,73,255,43,175.875,125.0625,208.0625,152.0,110.3125,229.25
purple_compensation_boundary,198,198,73,255,43,175.875,125.0625,208.0625,152.0,110.3125,229.25
purple_compensation_boundary,199,199,73,255,43,175.875,125.0625,208.0625,152.0,110.3125,229.25
purple_compensation_boundary,200,200,73,255,43,176.25,126.3125,209.1875,156.0,113.625,226.9375
purple_compensation_boundary,201,201,73,255,43,176.25,126.3125,209.1875,156.0,113.625,226.9375
purple_compensation_boundary,202,202,73,255,43,176.25,126.3125,209.1875,156.0,113.625,226.9375
purple_compensation_boundary,203,203,73,255,43,176.25,126.3125,209.1875,156.0,113.625,226.9375
purple_compensation_boundary,204,204,73,255,43,176.25,126.3125,209.1875,156.0,113.625,226.9375
purple_compensation_boundary,205,205,73,255,43,176.25,126.3125,209.1875,156.0,113.625,226.9375
purple_compensation_boundary,206,206,73,255,43,176.25,126.3125,209.1875,156.0,113.625,226.9375
purple_compensation_boundary,207,207,73,255,43,176.25,126.3125,209.1875,156.0,113.625,226.9375
purple_compensation_boundary,208,208,73,255,43,177.0,127.375,209.4375,159.9375,116.875,224.6875
purple_compensation_boundary,209,209,73,255,43,177.0,127.375,209.4375,159.9375,116.875,224.6875
purple_compensation_boundary,210,210,73,255,43,177.0,127.375,209.4375,159.9375,116.875,224.6875
purple_compensation_boundary,211,211,73,255,43,177.0,127.375,209.4375,159.9375,116.875,224.6875
purple_compensation_boundary,212,212,73,255,43,177.0,127.375,209.4375,159.9375,116.875,224.6875
purple_compensation_boundary,213,213,73,255,43,177.0,127.375,209.4375,159.9375,116.875,224.6875
purple_compensation_boundary,214,214,73,255,43,177.0,127.375,209.4375,159.9375,116.875,224.6875
purple_compensation_boundary,215,215,73,255,43,177.0,127.375,209.4375,159.9375,116.875,224.6875
purple_compensation_boundary,216,216,73,255,43,177.375,128.6875,210.5625,163.875,120.1875,222.4375
purple_compensation_boundary,217,217,73,255,43,177.375,128.6875,210.5625,163.875,120.1875,222.4375
purple_compensation_boundary,218,218,73,255,43,177.375,128.6875,210.5625,163.875,120.1875,222.4375
purple_compensation_boundary,219,219,73,255,43,177.375,128.6875,210.5625,163.875,120.1875,222.4375
purple_compensation_boundary,220,220,73,255,43,177.375,128.6875,210.5625,163.875,120.1875,222.4375
purple_compensation_boundary,221,221,73,255,43,177.375,128.6875,210.5625,163.875,120.1875,222.4375
purple_compensation_boundary,222,222,73,255,43,177.375,128.6875,210.5625,163.875,120.1875,222.4375
purple_compensation_boundary,223,223,73,255,43,177.375,128.6875,210.5625,163.875,120.1875,222.4375
purple_compensation_boundary,224,224,73,255,43,178.3125,130.375,211.375,168.3125,123.875,219.875
purple_compensation_boundary,225,225,73,255,43,178.3125,130.375,211.375,168.3125,123.875,219.875
purple_compensation_boundary,226,226,73,255,43,178.3125,130.375,211.375,168.3125,123.875,219.875
purple_compensation_boundary,227,227,73,255,43,178.3125,130.375,211.375,168.3125,123.875,219.875
purple_compensation_boundary,228,228,73,255,43,178.3125,130.375,211.375,168.3125,123.875,219.875
purple_compensation_boundary,229,229,73,255,43,178.3125,130.375,211.375,168.3125,123.875,219.875
purple_compensation_boundary,230,230,73,255,43,178.3125,130.375,211.375,168.3125,123.875,219.875
purple_compensation_boundary,231,231,73,255,43,178.3125,130.375,211.375,168.3125,123.875,219.875
purple_compensation_boundary,232,232,73,255,43,179.0,131.4375,211.625,172.25,127.1875,217.5625
purple_compensation_boundary,233,233,73,255,43,179.0,131.4375,211.625,172.25,127.1875,217.5625
purple_compensation_boundary,234,234,73,255,43,179.0,131.4375,211.625,172.25,127.1875,217.5625
purple_compensation_boundary,235,235,73,255,43,179.0,131.4375,211.625,172.25,127.1875,217.5625
purple_compensation_boundary,236,236,73,255,43,179.0,131.4375,211.625,172.25,127.1875,217.5625
purple_compensation_boundary,237,237,73,255,43,179.0,131.4375,211.625,172.25,127.1875,217.5625
purple_compensation_boundary,238,238,73,255,43,179.0,131.4375,211.625,172.25,127.1875,217.5625
purple_compensation_boundary,239,239,73,255,43,179.0,131.4375,211.625,172.25,127.1875,217.5625
purple_compensation_boundary,240,240,73,255,43,179.4375,132.6875,212.75,176.1875,130.4375,215.3125
purple_compensation_boundary,241,241,73,255,43,179.4375,132.6875,212.75,176.1875,130.4375,215.3125
purple_compensation_boundary,242,242,73,255,43,179.4375,132.6875,212.75,176.1875,130.4375,215.3125
purple_compensation_boundary,243,243,73,255,43,179.4375,132.6875,212.75,176.1875,130.4375,215.3125
purple_compensation_boundary,244,244,73,255,43,179.4375,132.6875,212.75,176.1875,130.4375,215.3125
purple_compensation_boundary,245,245,73,255,43,179.4375,132.6875,212.75,176.1875,130.4375,215.3125
purple_compensation_boundary,246,246,73,255,43,179.4375,132.6875,212.75,176.1875,130.4375,215.3125
purple_compensation_boundary,247,247,73,255,43,179.4375,132.6875,212.75,176.1875,130.4375,215.3125
purple_compensation_boundary,248,248,73,255,43,180.125,133.75,213.0625,180.125,133.75,213.0625
purple_compensation_boundary,249,249,73,255,43,180.125,133.75,213.0625,180.125,133.75,213.0625
purple_compensation_boundary,250,250,73,255,43,180.125,133.75,213.0625,180.125,133.75,213.0625
purple_compensation_boundary,251,251,73,255,43,180.125,133.75,213.0625,180.125,133.75,213.0625
purple_compensation_boundary,252,252,73,255,43,180.125,133.75,213.0625,180.125,133.75,213.0625
purple_compensation_boundary,253,253,73,255,43,180.125,133.75,213.0625,180.125,133.75,213.0625
purple_compensation_boundary,254,254,73,255,43,180.125,133.75,213.0625,180.125,133.75,213.0625
purple_compensation_boundary,255,255,73,255,43,180.125,133.75,213.0625,180.125,133.75,213.0625
warm_compensation_boundary,0,100,120,64,71,99.0,121.0,66.0,99.0,121.0,66.0
warm_compensation_boundary,1,101,120,64,71,99.0,121.0,66.0,99.0,121.0,66.0
warm_compensation_boundary,2,101,120,64,71,99.0,121.0,66.0,99.0,121.0,66.0
warm_compensation_boundary,3,102,120,64,71,99.0,121.0,66.0,99.0,121.0,66.0
warm_compensation_boundary,4,102,120,64,71,99.0,121.0,66.0,99.0,121.0,66.0
warm_compensation_boundary,5,103,120,64,71,99.0,121.0,66.0,99.0,121.0,66.0
warm_compensation_boundary,6,104,120,64,71,107.0,121.0,66.0,107.0,121.0,66.0
warm_compensation_boundary,7,104,120,64,71,107.0,121.0,66.0,107.0,121.0,66.0
warm_compensation_boundary,8,105,120,64,71,107.0,121.0,66.0,107.0,121.0,66.0
warm_compensation_boundary,9,105,120,64,71,107.0,121.0,66.0,107.0,121.0,66.0
warm_compensation_boundary,10,106,120,64,71,107.0,121.0,66.0,107.0,121.0,66.0
warm_compensation_boundary,11,107,120,64,71,107.0,121.0,66.0,107.0,121.0,66.0
warm_compensation_boundary,12,107,120,64,71,107.0,121.0,66.0,107.0,121.0,66.0
warm_compensation_boundary,13,108,120,64,71,107.0,121.0,66.0,107.0,121.0,66.0
warm_compensation_boundary,14,109,120,64,71,107.0,121.0,66.0,107.0,121.0,66.0
warm_compensation_boundary,15,109,120,64,71,107.0,121.0,66.0,107.0,121.0,66.0
warm_compensation_boundary,16,110,120,64,71,107.0,121.0,66.0,107.0,121.0,66.0
warm_compensation_boundary,17,110,120,64,71,107.0,121.0,66.0,107.0,121.0,66.0
warm_compensation_boundary,18,111,120,64,71,107.0,121.0,66.0,107.0,121.0,66.0
warm_compensation_boundary,19,112,120,64,71,115.0,121.0,66.0,115.0,121.0,66.0
warm_compensation_boundary,20,112,120,64,71,115.0,121.0,66.0,115.0,121.0,66.0
warm_compensation_boundary,21,113,120,64,71,115.0,121.0,66.0,115.0,121.0,66.0
warm_compensation_boundary,22,113,120,64,71,115.0,121.0,66.0,115.0,121.0,66.0
warm_compensation_boundary,23,114,120,64,71,115.0,121.0,66.0,115.0,121.0,66.0
warm_compensation_boundary,24,115,120,64,71,115.0,121.0,66.0,115.0,121.0,66.0
warm_compensation_boundary,25,115,120,64,71,115.0,121.0,66.0,115.0,121.0,66.0
warm_compensation_boundary,26,116,120,64,71,115.0,121.0,66.0,115.0,121.0,66.0
warm_compensation_boundary,27,116,120,64,71,115.0,121.0,66.0,115.0,121.0,66.0
warm_compensation_boundary,28,117,120,64,71,115.0,121.0,66.0,115.0,121.0,66.0
warm_compensation_boundary,29,118,120,64,71,115.0,121.0,66.0,115.0,121.0,66.0
warm_compensation_boundary,30,118,120,64,71,115.0,121.0,66.0,115.0,121.0,66.0
warm_compensation_boundary,31,119,120,64,71,115.0,121.0,66.0,115.0,121.0,66.0
warm_compensation_boundary,32,119,120,64,71,115.0,121.0,66.0,115.0,121.0,66.0
warm_compensation_boundary,33,120,120,64,15,123.6875,120.25,66.0625,123.6875,120.25,66.0625
warm_compensation_boundary,34,121,120,64,15,123.6875,120.25,66.0625,123.6875,120.25,66.0625
warm_compensation_boundary,35,121,120,64,15,123.6875,120.25,66.0625,123.6875,120.25,66.0625
warm_compensation_boundary,36,122,120,64,15,123.6875,120.25,66.0625,123.6875,120.25,66.0625
warm_compensation_boundary,37,122,120,64,15,123.6875,120.25,66.0625,123.6875,120.25,66.0625
warm_compensation_boundary,38,123,120,64,15,123.6875,120.25,66.0625,123.6875,120.25,66.0625
warm_compensation_boundary,39,124,120,64,15,123.6875,120.25,66.0625,123.6875,120.25,66.0625
warm_compensation_boundary,40,124,120,64,15,123.6875,120.25,66.0625,123.6875,120.25,66.0625
warm_compensation_boundary,41,125,120,64,15,123.6875,120.25,66.0625,123.6875,120.25,66.0625
warm_compensation_boundary,42,126,120,64,15,123.6875,120.25,66.0625,123.6875,120.25,66.0625
warm_compensation_boundary,43,126,120,64,15,123.6875,120.25,66.0625,123.6875,120.25,66.0625
warm_compensation_boundary,44,127,120,64,15,123.6875,120.25,66.0625,123.6875,120.25,66.0625
warm_compensation_boundary,45,127,120,64,15,123.6875,120.25,66.0625,123.6875,120.25,66.0625
warm_compensation_boundary,46,128,120,64,15,132.0,121.0,66.0,132.0,121.0,66.0
warm_compensation_boundary,47,129,120,64,15,132.0,121.0,66.0,132.0,121.0,66.0
warm_compensation_boundary,48,129,120,64,15,132.0,121.0,66.0,132.0,121.0,66.0
warm_compensation_boundary,49,130,120,64,15,132.0,121.0,66.0,132.0,121.0,66.0
warm_compensation_boundary,50,130,120,64,15,132.0,121.0,66.0,132.0,121.0,66.0
warm_compensation_boundary,51,131,120,64,15,132.0,121.0,66.0,132.0,121.0,66.0
warm_compensation_boundary,52,132,120,64,15,132.0,121.0,66.0,132.0,121.0,66.0
warm_compensation_boundary,53,132,120,64,15,132.0,121.0,66.0,132.0,121.0,66.0
warm_compensation_boundary,54,133,120,64,15,132.0,121.0,66.0,132.0,121.0,66.0
warm_compensation_boundary,55,133,120,64,15,132.0,121.0,66.0,132.0,121.0,66.0
warm_compensation_boundary,56,134,120,64,15,132.0,121.0,66.0,132.0,121.0,66.0
warm_compensation_boundary,57,135,120,64,15,132.0,121.0,66.0,132.0,121.0,66.0
warm_compensation_boundary,58,135,120,64,15,132.0,121.0,66.0,132.0,121.0,66.0
warm_compensation_boundary,59,136,120,64,15,140.0,121.0,66.0,140.0,121.0,66.0
warm_compensation_boundary,60,136,120,64,15,140.0,121.0,66.0,140.0,121.0,66.0
warm_compensation_boundary,61,137,120,64,15,140.0,121.0,66.0,140.0,121.0,66.0
warm_compensation_boundary,62,138,120,64,15,140.0,121.0,66.0,140.0,121.0,66.0
warm_compensation_boundary,63,138,120,64,15,140.0,121.0,66.0,140.0,121.0,66.0
warm_compensation_boundary,64,139,120,64,15,140.0,121.0,66.0,140.0,121.0,66.0
warm_compensation_boundary,65,140,120,64,15,140.0,121.0,66.0,140.0,121.0,66.0
warm_compensation_boundary,66,140,120,64,15,140.0,121.0,66.0,140.0,121.0,66.0
warm_compensation_boundary,67,141,120,64,15,140.0,121.0,66.0,140.0,121.0,66.0
warm_compensation_boundary,68,141,120,64,15,140.0,121.0,66.0,140.0,121.0,66.0
warm_compensation_boundary,69,142,120,64,15,140.0,121.0,66.0,140.0,121.0,66.0
warm_compensation_boundary,70,143,120,64,15,140.0,121.0,66.0,140.0,121.0,66.0
warm_compensation_boundary,71,143,120,64,15,140.0,121.0,66.0,140.0,121.0,66.0
warm_compensation_boundary,72,144,120,64,15,148.0,121.0,66.0,148.0,121.0,66.0
warm_compensation_boundary,73,144,120,64,15,148.0,121.0,66.0,148.0,121.0,66.0
warm_compensation_boundary,74,145,120,64,15,148.0,121.0,66.0,148.0,121.0,66.0
warm_compensation_boundary,75,146,120,64,15,148.0,121.0,66.0,148.0,121.0,66.0
warm_compensation_boundary,76,146,120,64,15,148.0,121.0,66.0,148.0,121.0,66.0
warm_compensation_boundary,77,147,120,64,15,148.0,121.0,66.0,148.0,121.0,66.0
warm_compensation_boundary,78,147,120,64,15,148.0,121.0,66.0,148.0,121.0,66.0
warm_compensation_boundary,79,148,120,64,15,148.0,121.0,66.0,148.0,121.0,66.0
warm_compensation_boundary,80,149,120,64,15,148.0,121.0,66.0,148.0,121.0,66.0
warm_compensation_boundary,81,149,120,64,15,148.0,121.0,66.0,148.0,121.0,66.0
warm_compensation_boundary,82,150,120,64,15,148.0,121.0,66.0,148.0,121.0,66.0
warm_compensation_boundary,83,150,120,64,15,148.0,121.0,66.0,148.0,121.0,66.0
warm_compensation_boundary,84,151,120,64,15,148.0,121.0,66.0,148.0,121.0,66.0
warm_compensation_boundary,85,152,120,64,15,156.0,121.0,66.0,156.0,121.0,66.0
warm_compensation_boundary,86,152,120,64,15,156.0,121.0,66.0,156.0,121.0,66.0
warm_compensation_boundary,87,153,120,64,15,156.0,121.0,66.0,156.0,121.0,66.0
warm_compensation_boundary,88,153,120,64,15,156.0,121.0,66.0,156.0,121.0,66.0
warm_compensation_boundary,89,154,120,64,15,156.0,121.0,66.0,156.0,121.0,66.0
warm_compensation_boundary,90,155,120,64,15,156.0,121.0,66.0,156.0,121.0,66.0
warm_compensation_boundary,91,155,120,64,15,156.0,121.0,66.0,156.0,121.0,66.0
warm_compensation_boundary,92,156,120,64,15,156.0,121.0,66.0,156.0,121.0,66.0
warm_compensation_boundary,93,157,120,64,15,156.0,121.0,66.0,156.0,121.0,66.0
warm_compensation_boundary,94,157,120,64,15,156.0,121.0,66.0,156.0,121.0,66.0
warm_compensation_boundary,95,158,120,64,15,156.0,121.0,66.0,156.0,121.0,66.0
warm_compensation_boundary,96,158,120,64,15,156.0,121.0,66.0,156.0,121.0,66.0
warm_compensation_boundary,97,159,120,64,15,156.0,121.0,66.0,156.0,121.0,66.0
warm_compensation_boundary,98,160,120,64,15,165.0,121.0,66.0,165.0,121.0,66.0
warm_compensation_boundary,99,160,120,64,15,165.0,121.0,66.0,165.0,121.0,66.0
warm_compensation_boundary,100,161,120,64,15,165.0,121.0,66.0,165.0,121.0,66.0
warm_compensation_boundary,101,161,120,64,15,165.0,121.0,66.0,165.0,121.0,66.0
warm_compensation_boundary,102,162,120,64,15,165.0,121.0,66.0,165.0,121.0,66.0
warm_compensation_boundary,103,163,120,64,15,165.0,121.0,66.0,165.0,121.0,66.0
warm_compensation_boundary,104,163,120,64,15,165.0,121.0,66.0,165.0,121.0,66.0
warm_compensation_boundary,105,164,120,64,15,165.0,121.0,66.0,165.0,121.0,66.0
warm_compensation_boundary,106,164,120,64,15,165.0,121.0,66.0,165.0,121.0,66.0
warm_compensation_boundary,107,165,120,64,15,165.0,121.0,66.0,165.0,121.0,66.0
warm_compensation_boundary,108,166,120,64,15,165.0,121.0,66.0,165.0,121.0,66.0
warm_compensation_boundary,109,166,120,64,15,165.0,121.0,66.0,165.0,121.0,66.0
warm_compensation_boundary,110,167,120,64,15,165.0,121.0,66.0,165.0,121.0,66.0
warm_compensation_boundary,111,167,120,64,15,165.0,121.0,66.0,165.0,121.0,66.0
warm_compensation_boundary,112,168,120,64,15,173.0,121.0,66.0,173.0,121.0,66.0
warm_compensation_boundary,113,169,120,64,15,173.0,121.0,66.0,173.0,121.0,66.0
warm_compensation_boundary,114,169,120,64,15,173.0,121.0,66.0,173.0,121.0,66.0
warm_compensation_boundary,115,170,120,64,15,173.0,121.0,66.0,173.0,121.0,66.0
warm_compensation_boundary,116,171,120,64,15,173.0,121.0,66.0,173.0,121.0,66.0
warm_compensation_boundary,117,171,120,64,15,173.0,121.0,66.0,173.0,121.0,66.0
warm_compensation_boundary,118,172,120,64,15,173.0,121.0,66.0,173.0,121.0,66.0
warm_compensation_boundary,119,172,120,64,15,173.0,121.0,66.0,173.0,121.0,66.0
warm_compensation_boundary,120,173,120,64,15,173.0,121.0,66.0,173.0,121.0,66.0
warm_compensation_boundary,121,174,120,64,15,173.0,121.0,66.0,173.0,121.0,66.0
warm_compensation_boundary,122,174,120,64,15,173.0,121.0,66.0,173.0,121.0,66.0
warm_compensation_boundary,123,175,120,64,15,173.0,121.0,66.0,173.0,121.0,66.0
warm_compensation_boundary,124,175,120,64,15,173.0,121.0,66.0,173.0,121.0,66.0
warm_compensation_boundary,125,176,120,64,15,181.0,121.0,66.0,181.0,121.0,66.0
warm_compensation_boundary,126,177,120,64,15,181.0,121.0,66.0,181.0,121.0,66.0
warm_compensation_boundary,127,177,120,64,15,181.0,121.0,66.0,181.0,121.0,66.0
warm_compensation_boundary,128,178,120,64,15,181.0,121.0,66.0,181.0,121.0,66.0
warm_compensation_boundary,129,178,120,64,15,181.0,121.0,66.0,181.0,121.0,66.0
warm_compensation_boundary,130,179,120,64,15,181.0,121.0,66.0,181.0,121.0,66.0
warm_compensation_boundary,131,180,120,64,15,181.0,121.0,66.0,181.0,121.0,66.0
warm_compensation_boundary,132,180,120,64,15,181.0,121.0,66.0,181.0,121.0,66.0
warm_compensation_boundary,133,181,120,64,15,181.0,121.0,66.0,181.0,121.0,66.0
warm_compensation_boundary,134,181,120,64,15,181.0,121.0,66.0,181.0,121.0,66.0
warm_compensation_boundary,135,182,120,64,15,181.0,121.0,66.0,181.0,121.0,66.0
warm_compensation_boundary,136,183,120,64,15,181.0,121.0,66.0,181.0,121.0,66.0
warm_compensation_boundary,137,183,120,64,15,181.0,121.0,66.0,181.0,121.0,66.0
warm_compensation_boundary,138,184,120,64,15,189.0,121.0,66.0,189.0,121.0,66.0
warm_compensation_boundary,139,184,120,64,15,189.0,121.0,66.0,189.0,121.0,66.0
warm_compensation_boundary,140,185,120,64,15,189.0,121.0,66.0,189.0,121.0,66.0
warm_compensation_boundary,141,186,120,64,15,189.0,121.0,66.0,189.0,121.0,66.0
warm_compensation_boundary,142,186,120,64,15,189.0,121.0,66.0,189.0,121.0,66.0
warm_compensation_boundary,143,187,120,64,15,189.0,121.0,66.0,189.0,121.0,66.0
warm_compensation_boundary,144,188,120,64,15,189.0,121.0,66.0,189.0,121.0,66.0
warm_compensation_boundary,145,188,120,64,15,189.0,121.0,66.0,189.0,121.0,66.0
warm_compensation_boundary,146,189,120,64,15,189.0,121.0,66.0,189.0,121.0,66.0
warm_compensation_boundary,147,189,120,64,15,189.0,121.0,66.0,189.0,121.0,66.0
warm_compensation_boundary,148,190,120,64,15,189.0,121.0,66.0,189.0,121.0,66.0
warm_compensation_boundary,149,191,120,64,15,189.0,121.0,66.0,189.0,121.0,66.0
warm_compensation_boundary,150,191,120,64,15,189.0,121.0,66.0,189.0,121.0,66.0
warm_compensation_boundary,151,192,120,64,15,198.0,121.0,66.0,198.0,121.0,66.0
warm_compensation_boundary,152,192,120,64,15,198.0,121.0,66.0,198.0,121.0,66.0
warm_compensation_boundary,153,193,120,64,15,198.0,121.0,66.0,198.0,121.0,66.0
warm_compensation_boundary,154,194,120,64,15,198.0,121.0,66.0,198.0,121.0,66.0
warm_compensation_boundary,155,194,120,64,15,198.0,121.0,66.0,198.0,121.0,66.0
warm_compensation_boundary,156,195,120,64,15,198.0,121.0,66.0,198.0,121.0,66.0
warm_compensation_boundary,157,195,120,64,15,198.0,121.0,66.0,198.0,121.0,66.0
warm_compensation_boundary,158,196,120,64,15,198.0,121.0,66.0,198.0,121.0,66.0
warm_compensation_boundary,159,197,120,64,15,198.0,121.0,66.0,198.0,121.0,66.0
warm_compensation_boundary,160,197,120,64,15,198.0,121.0,66.0,198.0,121.0,66.0
warm_compensation_boundary,161,198,120,64,15,198.0,121.0,66.0,198.0,121.0,66.0
warm_compensation_boundary,162,198,120,64,15,198.0,121.0,66.0,198.0,121.0,66.0
warm_compensation_boundary,163,199,120,64,15,198.0,121.0,66.0,198.0,121.0,66.0
warm_compensation_boundary,164,200,120,64,15,180.0,121.0,49.0,206.0,121.0,66.0
warm_compensation_boundary,165,200,120,64,15,180.0,121.0,49.0,206.0,121.0,66.0
warm_compensation_boundary,166,201,120,64,15,180.0,121.0,49.0,206.0,121.0,66.0
warm_compensation_boundary,167,202,120,64,15,180.0,121.0,49.0,206.0,121.0,66.0
warm_compensation_boundary,168,202,120,64,15,180.0,121.0,49.0,206.0,121.0,66.0
warm_compensation_boundary,169,203,120,64,15,180.0,121.0,49.0,206.0,121.0,66.0
warm_compensation_boundary,170,203,120,64,15,180.0,121.0,49.0,206.0,121.0,66.0
warm_compensation_boundary,171,204,120,64,15,180.0,121.0,49.0,206.0,121.0,66.0
warm_compensation_boundary,172,205,120,64,15,180.0,121.0,49.0,206.0,121.0,66.0
warm_compensation_boundary,173,205,120,64,15,180.0,121.0,49.0,206.0,121.0,66.0
warm_compensation_boundary,174,206,120,64,15,180.0,121.0,49.0,206.0,121.0,66.0
warm_compensation_boundary,175,206,120,64,15,180.0,121.0,49.0,206.0,121.0,66.0
warm_compensation_boundary,176,207,120,64,15,180.0,121.0,49.0,206.0,121.0,66.0
warm_compensation_boundary,177,208,120,64,15,187.0,121.0,49.0,214.0,121.0,66.0
warm_compensation_boundary,178,208,120,64,15,187.0,121.0,49.0,214.0,121.0,66.0
warm_compensation_boundary,179,209,120,64,15,187.0,121.0,49.0,214.0,121.0,66.0
warm_compensation_boundary,180,209,120,64,15,187.0,121.0,49.0,214.0,121.0,66.0
warm_compensation_boundary,181,210,120,64,15,187.0,121.0,49.0,214.0,121.0,66.0
warm_compensation_boundary,182,211,120,64,15,187.0,121.0,49.0,214.0,121.0,66.0
warm_compensation_boundary,183,211,120,64,15,187.0,121.0,49.0,214.0,121.0,66.0
warm_compensation_boundary,184,212,120,64,15,187.0,121.0,49.0,214.0,121.0,66.0
warm_compensation_boundary,185,212,120,64,15,187.0,121.0,49.0,214.0,121.0,66.0
warm_compensation_boundary,186,213,120,64,15,187.0,121.0,49.0,214.0,121.0,66.0
warm_compensation_boundary,187,214,120,64,15,187.0,121.0,49.0,214.0,121.0,66.0
warm_compensation_boundary,188,214,120,64,15,187.0,121.0,49.0,214.0,121.0,66.0
warm_compensation_boundary,189,215,120,64,15,187.0,121.0,49.0,214.0,121.0,66.0
warm_compensation_boundary,190,215,120,64,15,187.0,121.0,49.0,214.0,121.0,66.0
warm_compensation_boundary,191,216,120,64,15,194.0,121.0,49.0,222.0,121.0,66.0
warm_compensation_boundary,192,217,120,64,15,194.0,121.0,49.0,222.0,121.0,66.0
warm_compensation_boundary,193,217,120,64,15,194.0,121.0,49.0,222.0,121.0,66.0
warm_compensation_boundary,194,218,120,64,15,194.0,121.0,49.0,222.0,121.0,66.0
warm_compensation_boundary,195,219,120,64,15,194.0,121.0,49.0,222.0,121.0,66.0
warm_compensation_boundary,196,219,120,64,15,194.0,121.0,49.0,222.0,121.0,66.0
warm_compensation_boundary,197,220,120,64,15,194.0,121.0,49.0,222.0,121.0,66.0
warm_compensation_boundary,198,220,120,64,15,194.0,121.0,49.0,222.0,121.0,66.0
warm_compensation_boundary,199,221,120,64,15,194.0,121.0,49.0,222.0,121.0,66.0
warm_compensation_boundary,200,222,120,64,15,194.0,121.0,49.0,222.0,121.0,66.0
warm_compensation_boundary,201,222,120,64,15,194.0,121.0,49.0,222.0,121.0,66.0
warm_compensation_boundary,202,223,120,64,15,194.0,121.0,49.0,222.0,121.0,66.0
warm_compensation_boundary,203,223,120,64,15,194.0,121.0,49.0,222.0,121.0,66.0
warm_compensation_boundary,204,224,120,64,15,202.0,121.0,49.0,222.8125,123.1875,65.875
warm_compensation_boundary,205,225,120,64,15,202.0,121.0,49.0,222.8125,123.1875,65.875
warm_compensation_boundary,206,225,120,64,15,202.0,121.0,49.0,222.8125,123.1875,65.875
warm_compensation_boundary,207,226,120,64,15,202.0,121.0,49.0,222.8125,123.1875,65.875
warm_compensation_boundary,208,226,120,64,15,202.0,121.0,49.0,222.8125,123.1875,65.875
warm_compensation_boundary,209,227,120,64,15,202.0,121.0,49.0,222.8125,123.1875,65.875
warm_compensation_boundary,210,228,120,64,15,202.0,121.0,49.0,222.8125,123.1875,65.875
warm_compensation_boundary,211,228,120,64,15,202.0,121.0,49.0,222.8125,123.1875,65.875
warm_compensation_boundary,212,229,120,64,15,202.0,121.0,49.0,222.8125,123.1875,65.875
warm_compensation_boundary,213,229,120,64,15,202.0,121.0,49.0,222.8125,123.1875,65.875
warm_compensation_boundary,214,230,120,64,15,202.0,121.0,49.0,222.8125,123.1875,65.875
warm_compensation_boundary,215,231,120,64,15,202.0,121.0,49.0,222.8125,123.1875,65.875
warm_compensation_boundary,216,231,120,64,15,202.0,121.0,49.0,222.8125,123.1875,65.875
warm_compensation_boundary,217,232,120,64,15,209.0,121.0,49.0,223.375,125.1875,65.75
warm_compensation_boundary,218,233,120,64,15,209.0,121.0,49.0,223.375,125.1875,65.75
warm_compensation_boundary,219,233,120,64,15,209.0,121.0,49.0,223.375,125.1875,65.75
warm_compensation_boundary,220,234,120,64,15,209.0,121.0,49.0,223.375,125.1875,65.75
warm_compensation_boundary,221,234,120,64,15,209.0,121.0,49.0,223.375,125.1875,65.75
warm_compensation_boundary,222,235,120,64,15,209.0,121.0,49.0,223.375,125.1875,65.75
warm_compensation_boundary,223,236,120,64,15,209.0,121.0,49.0,223.375,125.1875,65.75
warm_compensation_boundary,224,236,120,64,15,209.0,121.0,49.0,223.375,125.1875,65.75
warm_compensation_boundary,225,237,120,64,15,209.0,121.0,49.0,223.375,125.1875,65.75
warm_compensation_boundary,226,237,120,64,15,209.0,121.0,49.0,223.375,125.1875,65.75
warm_compensation_boundary,227,238,120,64,15,209.0,121.0,49.0,223.375,125.1875,65.75
warm_compensation_boundary,228,239,120,64,15,209.0,121.0,49.0,223.375,125.1875,65.75
warm_compensation_boundary,229,239,120,64,15,209.0,121.0,49.0,223.375,125.1875,65.75
warm_compensation_boundary,230,240,120,64,15,216.0,121.0,49.0,223.9375,127.1875,65.625
warm_compensation_boundary,231,240,120,64,15,216.0,121.0,49.0,223.9375,127.1875,65.625
warm_compensation_boundary,232,241,120,64,15,216.0,121.0,49.0,223.9375,127.1875,65.625
warm_compensation_boundary,233,242,120,64,15,216.0,121.0,49.0,223.9375,127.1875,65.625
warm_compensation_boundary,234,242,120,64,15,216.0,121.0,49.0,223.9375,127.1875,65.625
warm_compensation_boundary,235,243,120,64,15,216.0,121.0,49.0,223.9375,127.1875,65.625
warm_compensation_boundary,236,243,120,64,15,216.0,121.0,49.0,223.9375,127.1875,65.625
warm_compensation_boundary,237,244,120,64,15,216.0,121.0,49.0,223.9375,127.1875,65.625
warm_compensation_boundary,238,245,120,64,15,216.0,121.0,49.0,223.9375,127.1875,65.625
warm_compensation_boundary,239,245,120,64,15,216.0,121.0,49.0,223.9375,127.1875,65.625
warm_compensation_boundary,240,246,120,64,15,216.0,121.0,49.0,223.9375,127.1875,65.625
warm_compensation_boundary,241,246,120,64,15,216.0,121.0,49.0,223.9375,127.1875,65.625
warm_compensation_boundary,242,247,120,64,15,216.0,121.0,49.0,223.9375,127.1875,65.625
warm_compensation_boundary,243,248,120,64,15,222.5625,121.125,49.0,224.4375,129.1875,65.5
warm_compensation_boundary,244,248,120,64,15,222.5625,121.125,49.0,224.4375,129.1875,65.5
warm_compensation_boundary,245,249,120,64,15,222.5625,121.125,49.0,224.4375,129.1875,65.5
warm_compensation_boundary,246,250,120,64,15,222.5625,121.125,49.0,224.4375,129.1875,65.5
warm_compensation_boundary,247,250,120,64,15,222.5625,121.125,49.0,224.4375,129.1875,65.5
warm_compensation_boundary,248,251,120,64,15,222.5625,121.125,49.0,224.4375,129.1875,65.5
warm_compensation_boundary,249,251,120,64,15,222.5625,121.125,49.0,224.4375,129.1875,65.5
warm_compensation_boundary,250,252,120,64,15,222.5625,121.125,49.0,224.4375,129.1875,65.5
warm_compensation_boundary,251,253,120,64,15,222.5625,121.125,49.0,224.4375,129.1875,65.5
warm_compensation_boundary,252,253,120,64,15,222.5625,121.125,49.0,224.4375,129.1875,65.5
warm_compensation_boundary,253,254,120,64,15,222.5625,121.125,49.0,224.4375,129.1875,65.5
warm_compensation_boundary,254,254,120,64,15,222.5625,121.125,49.0,224.4375,129.1875,65.5
warm_compensation_boundary,255,255,120,64,15,222.5625,121.125,49.0,224.4375,129.1875,65.5
near_neutral_mid,0,150,150,150,3,148.6875,148.6875,148.6875,148.6875,148.6875,148.6875
near_neutral_mid,1,150,150,150,3,148.6875,148.6875,148.6875,148.6875,148.6875,148.6875
near_neutral_mid,2,150,150,150,3,148.6875,148.6875,148.6875,148.6875,148.6875,148.6875
near_neutral_mid,3,150,150,150,3,148.6875,148.6875,148.6875,148.6875,148.6875,148.6875
near_neutral_mid,4,151,150,150,3,148.6875,148.6875,148.6875,148.6875,148.6875,148.6875
near_neutral_mid,5,151,150,150,3,148.6875,148.6875,148.6875,148.6875,148.6875,148.6875
near_neutral_mid,6,151,150,150,3,148.6875,148.6875,148.6875,148.6875,148.6875,148.6875
near_neutral_mid,7,151,150,150,3,148.6875,148.6875,148.6875,148.6875,148.6875,148.6875
near_neutral_mid,8,151,150,150,3,148.6875,148.6875,148.6875,148.6875,148.6875,148.6875
near_neutral_mid,9,151,150,150,3,148.6875,148.6875,148.6875,148.6875,148.6875,148.6875
near_neutral_mid,10,151,150,150,3,148.6875,148.6875,148.6875,148.6875,148.6875,148.6875
near_neutral_mid,11,151,150,150,3,148.6875,148.6875,148.6875,148.6875,148.6875,148.6875
near_neutral_mid,12,152,150,150,3,151.3125,151.3125,151.3125,151.3125,151.3125,151.3125
near_neutral_mid,13,152,150,150,3,151.3125,151.3125,151.3125,151.3125,151.3125,151.3125
near_neutral_mid,14,152,150,150,3,151.3125,151.3125,151.3125,151.3125,151.3125,151.3125
near_neutral_mid,15,152,150,150,3,151.3125,151.3125,151.3125,151.3125,151.3125,151.3125
near_neutral_mid,16,152,150,150,3,151.3125,151.3125,151.3125,151.3125,151.3125,151.3125
near_neutral_mid,17,152,150,150,3,151.3125,151.3125,151.3125,151.3125,151.3125,151.3125
near_neutral_mid,18,152,150,150,3,151.3125,151.3125,151.3125,151.3125,151.3125,151.3125
near_neutral_mid,19,152,150,150,3,151.3125,151.3125,151.3125,151.3125,151.3125,151.3125
near_neutral_mid,20,153,150,150,3,151.3125,151.3125,151.3125,151.3125,151.3125,151.3125
near_neutral_mid,21,153,150,150,3,151.3125,151.3125,151.3125,151.3125,151.3125,151.3125
near_neutral_mid,22,153,150,150,3,151.3125,151.3125,151.3125,151.3125,151.3125,151.3125
near_neutral_mid,23,153,150,150,3,151.3125,151.3125,151.3125,151.3125,151.3125,151.3125
near_neutral_mid,24,153,150,150,3,151.3125,151.3125,151.3125,151.3125,151.3125,151.3125
near_neutral_mid,25,153,150,150,3,151.3125,151.3125,151.3125,151.3125,151.3125,151.3125
near_neutral_mid,26,153,150,150,3,151.3125,151.3125,151.3125,151.3125,151.3125,151.3125
near_neutral_mid,27,153,150,150,3,151.3125,151.3125,151.3125,151.3125,151.3125,151.3125
near_neutral_mid,28,154,150,150,3,151.3125,151.3125,151.3125,151.3125,151.3125,151.3125
near_neutral_mid,29,154,150,150,3,151.3125,151.3125,151.3125,151.3125,151.3125,151.3125
near_neutral_mid,30,154,150,150,3,151.3125,151.3125,151.3125,151.3125,151.3125,151.3125
near_neutral_mid,31,154,150,150,3,151.3125,151.3125,151.3125,151.3125,151.3125,151.3125
near_neutral_mid,32,154,150,150,3,151.3125,151.3125,151.3125,151.3125,151.3125,151.3125
near_neutral_mid,33,154,150,150,3,151.3125,151.3125,151.3125,151.3125,151.3125,151.3125
near_neutral_mid,34,154,150,150,3,151.3125,151.3125,151.3125,151.3125,151.3125,151.3125
near_neutral_mid,35,154,150,150,3,151.3125,151.3125,151.3125,151.3125,151.3125,151.3125
near_neutral_mid,36,155,150,150,3,151.3125,151.3125,151.3125,151.3125,151.3125,151.3125
near_neutral_mid,37,155,150,150,3,151.3125,151.3125,151.3125,151.3125,151.3125,151.3125
near_neutral_mid,38,155,150,150,3,151.3125,151.3125,151.3125,151.3125,151.3125,151.3125
near_neutral_mid,39,155,150,150,3,151.3125,151.3125,151.3125,151.3125,151.3125,151.3125
near_neutral_mid,40,155,150,150,3,151.3125,151.3125,151.3125,151.3125,151.3125,151.3125
near_neutral_mid,41,155,150,150,3,151.3125,151.3125,151.3125,151.3125,151.3125,151.3125
near_neutral_mid,42,155,150,150,3,151.3125,151.3125,151.3125,151.3125,151.3125,151.3125
near_neutral_mid,43,155,150,150,3,151.3125,151.3125,151.3125,151.3125,151.3125,151.3125
near_neutral_mid,44,156,150,150,3,151.3125,151.3125,151.3125,151.3125,151.3125,151.3125
near_neutral_mid,45,156,150,150,3,151.3125,151.3125,151.3125,151.3125,151.3125,151.3125
near_neutral_mid,46,156,150,150,3,151.3125,151.3125,151.3125,151.3125,151.3125,151.3125
near_neutral_mid,47,156,150,150,3,151.3125,151.3125,151.3125,151.3125,151.3125,151.3125
near_neutral_mid,48,156,150,150,3,151.3125,151.3125,151.3125,151.3125,151.3125,151.3125
near_neutral_mid,49,156,150,150,3,151.3125,151.3125,151.3125,151.3125,151.3125,151.3125
near_neutral_mid,50,156,150,150,3,151.3125,151.3125,151.3125,151.3125,151.3125,151.3125
near_neutral_mid,51,156,150,150,3,151.3125,151.3125,151.3125,151.3125,151.3125,151.3125
near_neutral_mid,52,157,150,150,3,151.3125,151.3125,151.3125,151.3125,151.3125,151.3125
near_neutral_mid,53,157,150,150,3,151.3125,151.3125,151.3125,151.3125,151.3125,151.3125
near_neutral_mid,54,157,150,150,3,151.3125,151.3125,151.3125,151.3125,151.3125,151.3125
near_neutral_mid,55,157,150,150,3,151.3125,151.3125,151.3125,151.3125,151.3125,151.3125
near_neutral_mid,56,157,150,150,3,151.3125,151.3125,151.3125,151.3125,151.3125,151.3125
near_neutral_mid,57,157,150,150,3,151.3125,151.3125,151.3125,151.3125,151.3125,151.3125
near_neutral_mid,58,157,150,150,3,151.3125,151.3125,151.3125,151.3125,151.3125,151.3125
near_neutral_mid,59,157,150,150,3,151.3125,151.3125,151.3125,151.3125,151.3125,151.3125
near_neutral_mid,60,158,150,150,3,151.3125,151.3125,151.3125,151.3125,151.3125,151.3125
near_neutral_mid,61,158,150,150,3,151.3125,151.3125,151.3125,151.3125,151.3125,151.3125
near_neutral_mid,62,158,150,150,3,151.3125,151.3125,151.3125,151.3125,151.3125,151.3125
near_neutral_mid,63,158,150,150,3,151.3125,151.3125,151.3125,151.3125,151.3125,151.3125
near_neutral_mid,64,158,150,150,3,151.3125,151.3125,151.3125,151.3125,151.3125,151.3125
near_neutral_mid,65,158,150,150,3,151.3125,151.3125,151.3125,151.3125,151.3125,151.3125
near_neutral_mid,66,158,150,150,3,151.3125,151.3125,151.3125,151.3125,151.3125,151.3125
near_neutral_mid,67,158,150,150,3,151.3125,151.3125,151.3125,151.3125,151.3125,151.3125
near_neutral_mid,68,159,150,150,3,151.3125,151.3125,151.3125,151.3125,151.3125,151.3125
near_neutral_mid,69,159,150,150,3,151.3125,151.3125,151.3125,151.3125,151.3125,151.3125
near_neutral_mid,70,159,150,150,3,151.3125,151.3125,151.3125,151.3125,151.3125,151.3125
near_neutral_mid,71,159,150,150,3,151.3125,151.3125,151.3125,151.3125,151.3125,151.3125
near_neutral_mid,72,159,150,150,3,151.3125,151.3125,151.3125,151.3125,151.3125,151.3125
near_neutral_mid,73,159,150,150,3,151.3125,151.3125,151.3125,151.3125,151.3125,151.3125
near_neutral_mid,74,159,150,150,3,151.3125,151.3125,151.3125,151.3125,151.3125,151.3125
near_neutral_mid,75,159,150,150,3,151.3125,151.3125,151.3125,151.3125,151.3125,151.3125
near_neutral_mid,76,160,150,150,111,165.0,150.0,148.0,165.0,150.0,148.0
near_neutral_mid,77,160,150,150,111,165.0,150.0,148.0,165.0,150.0,148.0
near_neutral_mid,78,160,150,150,111,165.0,150.0,148.0,165.0,150.0,148.0
near_neutral_mid,79,160,150,150,111,165.0,150.0,148.0,165.0,150.0,148.0
near_neutral_mid,80,160,150,150,111,165.0,150.0,148.0,165.0,150.0,148.0
near_neutral_mid,81,160,150,150,111,165.0,150.0,148.0,165.0,150.0,148.0
near_neutral_mid,82,160,150,150,111,165.0,150.0,148.0,165.0,150.0,148.0
near_neutral_mid,83,160,150,150,111,165.0,150.0,148.0,165.0,150.0,148.0
near_neutral_mid,84,161,150,150,111,165.0,150.0,148.0,165.0,150.0,148.0
near_neutral_mid,85,161,150,150,111,165.0,150.0,148.0,165.0,150.0,148.0
near_neutral_mid,86,161,150,150,111,165.0,150.0,148.0,165.0,150.0,148.0
near_neutral_mid,87,161,150,150,111,165.0,150.0,148.0,165.0,150.0,148.0
near_neutral_mid,88,161,150,150,111,165.0,150.0,148.0,165.0,150.0,148.0
near_neutral_mid,89,161,150,150,111,165.0,150.0,148.0,165.0,150.0,148.0
near_neutral_mid,90,161,150,150,111,165.0,150.0,148.0,165.0,150.0,148.0
near_neutral_mid,91,161,150,150,111,165.0,150.0,148.0,165.0,150.0,148.0
near_neutral_mid,92,162,150,150,111,165.0,150.0,148.0,165.0,150.0,148.0
near_neutral_mid,93,162,150,150,111,165.0,150.0,148.0,165.0,150.0,148.0
near_neutral_mid,94,162,150,150,111,165.0,150.0,148.0,165.0,150.0,148.0
near_neutral_mid,95,162,150,150,111,165.0,150.0,148.0,165.0,150.0,148.0
near_neutral_mid,96,162,150,150,111,165.0,150.0,148.0,165.0,150.0,148.0
near_neutral_mid,97,162,150,150,111,165.0,150.0,148.0,165.0,150.0,148.0
near_neutral_mid,98,162,150,150,111,165.0,150.0,148.0,165.0,150.0,148.0
near_neutral_mid,99,162,150,150,111,165.0,150.0,148.0,165.0,150.0,148.0
near_neutral_mid,100,163,150,150,111,165.0,150.0,148.0,165.0,150.0,148.0
near_neutral_mid,101,163,150,150,111,165.0,150.0,148.0,165.0,150.0,148.0
near_neutral_mid,102,163,150,150,111,165.0,150.0,148.0,165.0,150.0,148.0
near_neutral_mid,103,163,150,150,111,165.0,150.0,148.0,165.0,150.0,148.0
near_neutral_mid,104,163,150,150,111,165.0,150.0,148.0,165.0,150.0,148.0
near_neutral_mid,105,163,150,150,111,165.0,150.0,148.0,165.0,150.0,148.0
near_neutral_mid,106,163,150,150,111,165.0,150.0,148.0,165.0,150.0,148.0
near_neutral_mid,107,163,150,150,111,165.0,150.0,148.0,165.0,150.0,148.0
near_neutral_mid,108,164,150,150,111,165.0,150.0,148.0,165.0,150.0,148.0
near_neutral_mid,109,164,150,150,111,165.0,150.0,148.0,165.0,150.0,148.0
near_neutral_mid,110,164,150,150,111,165.0,150.0,148.0,165.0,150.0,148.0
near_neutral_mid,111,164,150,150,111,165.0,150.0,148.0,165.0,150.0,148.0
near_neutral_mid,112,164,150,150,111,165.0,150.0,148.0,165.0,150.0,148.0
near_neutral_mid,113,164,150,150,111,165.0,150.0,148.0,165.0,150.0,148.0
near_neutral_mid,114,164,150,150,111,165.0,150.0,148.0,165.0,150.0,148.0
near_neutral_mid,115,164,150,150,111,165.0,150.0,148.0,165.0,150.0,148.0
near_neutral_mid,116,165,150,150,111,165.0,150.0,148.0,165.0,150.0,148.0
near_neutral_mid,117,165,150,150,111,165.0,150.0,148.0,165.0,150.0,148.0
near_neutral_mid,118,165,150,150,111,165.0,150.0,148.0,165.0,150.0,148.0
near_neutral_mid,119,165,150,150,111,165.0,150.0,148.0,165.0,150.0,148.0
near_neutral_mid,120,165,150,150,111,165.0,150.0,148.0,165.0,150.0,148.0
near_neutral_mid,121,165,150,150,111,165.0,150.0,148.0,165.0,150.0,148.0
near_neutral_mid,122,165,150,150,111,165.0,150.0,148.0,165.0,150.0,148.0
near_neutral_mid,123,165,150,150,111,165.0,150.0,148.0,165.0,150.0,148.0
near_neutral_mid,124,166,150,150,111,165.0,150.0,148.0,165.0,150.0,148.0
near_neutral_mid,125,166,150,150,111,165.0,150.0,148.0,165.0,150.0,148.0
near_neutral_mid,126,166,150,150,111,165.0,150.0,148.0,165.0,150.0,148.0
near_neutral_mid,127,166,150,150,111,165.0,150.0,148.0,165.0,150.0,148.0
near_neutral_mid,128,166,150,150,111,165.0,150.0,148.0,165.0,150.0,148.0
near_neutral_mid,129,166,150,150,111,165.0,150.0,148.0,165.0,150.0,148.0
near_neutral_mid,130,166,150,150,111,165.0,150.0,148.0,165.0,150.0,148.0
near_neutral_mid,131,166,150,150,111,165.0,150.0,148.0,165.0,150.0,148.0
near_neutral_mid,132,167,150,150,111,165.0,150.0,148.0,165.0,150.0,148.0
near_neutral_mid,133,167,150,150,111,165.0,150.0,148.0,165.0,150.0,148.0
near_neutral_mid,134,167,150,150,111,165.0,150.0,148.0,165.0,150.0,148.0
near_neutral_mid,135,167,150,150,111,165.0,150.0,148.0,165.0,150.0,148.0
near_neutral_mid,136,167,150,150,111,165.0,150.0,148.0,165.0,150.0,148.0
near_neutral_mid,137,167,150,150,111,165.0,150.0,148.0,165.0,150.0,148.0
near_neutral_mid,138,167,150,150,111,165.0,150.0,148.0,165.0,150.0,148.0
near_neutral_mid,139,167,150,150,111,165.0,150.0,148.0,165.0,150.0,148.0
near_neutral_mid,140,168,150,150,11,173.0,148.0,148.0,173.0,148.0,148.0
near_neutral_mid,141,168,150,150,11,173.0,148.0,148.0,173.0,148.0,148.0
near_neutral_mid,142,168,150,150,11,173.0,148.0,148.0,173.0,148.0,148.0
near_neutral_mid,143,168,150,150,11,173.0,148.0,148.0,173.0,148.0,148.0
near_neutral_mid,144,168,150,150,11,173.0,148.0,148.0,173.0,148.0,148.0
near_neutral_mid,145,168,150,150,11,173.0,148.0,148.0,173.0,148.0,148.0
near_neutral_mid,146,168,150,150,11,173.0,148.0,148.0,173.0,148.0,148.0
near_neutral_mid,147,168,150,150,11,173.0,148.0,148.0,173.0,148.0,148.0
near_neutral_mid,148,169,150,150,11,173.0,148.0,148.0,173.0,148.0,148.0
near_neutral_mid,149,169,150,150,11,173.0,148.0,148.0,173.0,148.0,148.0
near_neutral_mid,150,169,150,150,11,173.0,148.0,148.0,173.0,148.0,148.0
near_neutral_mid,151,169,150,150,11,173.0,148.0,148.0,173.0,148.0,148.0
near_neutral_mid,152,169,150,150,11,173.0,148.0,148.0,173.0,148.0,148.0
near_neutral_mid,153,169,150,150,11,173.0,148.0,148.0,173.0,148.0,148.0
near_neutral_mid,154,169,150,150,11,173.0,148.0,148.0,173.0,148.0,148.0
near_neutral_mid,155,169,150,150,11,173.0,148.0,148.0,173.0,148.0,148.0
near_neutral_mid,156,170,150,150,11,173.0,148.0,148.0,173.0,148.0,148.0
near_neutral_mid,157,170,150,150,11,173.0,148.0,148.0,173.0,148.0,148.0
near_neutral_mid,158,170,150,150,11,173.0,148.0,148.0,173.0,148.0,148.0
near_neutral_mid,159,170,150,150,11,173.0,148.0,148.0,173.0,148.0,148.0
near_neutral_mid,160,170,150,150,11,173.0,148.0,148.0,173.0,148.0,148.0
near_neutral_mid,161,170,150,150,11,173.0,148.0,148.0,173.0,148.0,148.0
near_neutral_mid,162,170,150,150,11,173.0,148.0,148.0,173.0,148.0,148.0
near_neutral_mid,163,170,150,150,11,173.0,148.0,148.0,173.0,148.0,148.0
near_neutral_mid,164,171,150,150,11,173.0,148.0,148.0,173.0,148.0,148.0
near_neutral_mid,165,171,150,150,11,173.0,148.0,148.0,173.0,148.0,148.0
near_neutral_mid,166,171,150,150,11,173.0,148.0,148.0,173.0,148.0,148.0
near_neutral_mid,167,171,150,150,11,173.0,148.0,148.0,173.0,148.0,148.0
near_neutral_mid,168,171,150,150,11,173.0,148.0,148.0,173.0,148.0,148.0
near_neutral_mid,169,171,150,150,11,173.0,148.0,148.0,173.0,148.0,148.0
near_neutral_mid,170,171,150,150,11,173.0,148.0,148.0,173.0,148.0,148.0
near_neutral_mid,171,171,150,150,11,173.0,148.0,148.0,173.0,148.0,148.0
near_neutral_mid,172,172,150,150,11,173.0,148.0,148.0,173.0,148.0,148.0
near_neutral_mid,173,172,150,150,11,173.0,148.0,148.0,173.0,148.0,148.0
near_neutral_mid,174,172,150,150,11,173.0,148.0,148.0,173.0,148.0,148.0
near_neutral_mid,175,172,150,150,11,173.0,148.0,148.0,173.0,148.0,148.0
near_neutral_mid,176,172,150,150,11,173.0,148.0,148.0,173.0,148.0,148.0
near_neutral_mid,177,172,150,150,11,173.0,148.0,148.0,173.0,148.0,148.0
near_neutral_mid,178,172,150,150,11,173.0,148.0,148.0,173.0,148.0,148.0
near_neutral_mid,179,172,150,150,11,173.0,148.0,148.0,173.0,148.0,148.0
near_neutral_mid,180,173,150,150,11,173.0,148.0,148.0,173.0,148.0,148.0
near_neutral_mid,181,173,150,150,11,173.0,148.0,148.0,173.0,148.0,148.0
near_neutral_mid,182,173,150,150,11,173.0,148.0,148.0,173.0,148.0,148.0
near_neutral_mid,183,173,150,150,11,173.0,148.0,148.0,173.0,148.0,148.0
near_neutral_mid,184,173,150,150,11,173.0,148.0,148.0,173.0,148.0,148.0
near_neutral_mid,185,173,150,150,11,173.0,148.0,148.0,173.0,148.0,148.0
near_neutral_mid,186,173,150,150,11,173.0,148.0,148.0,173.0,148.0,148.0
near_neutral_mid,187,173,150,150,11,173.0,148.0,148.0,173.0,148.0,148.0
near_neutral_mid,188,174,150,150,11,173.0,148.0,148.0,173.0,148.0,148.0
near_neutral_mid,189,174,150,150,11,173.0,148.0,148.0,173.0,148.0,148.0
near_neutral_mid,190,174,150,150,11,173.0,148.0,148.0,173.0,148.0,148.0
near_neutral_mid,191,174,150,150,11,173.0,148.0,148.0,173.0,148.0,148.0
near_neutral_mid,192,174,150,150,11,173.0,148.0,148.0,173.0,148.0,148.0
near_neutral_mid,193,174,150,150,11,173.0,148.0,148.0,173.0,148.0,148.0
near_neutral_mid,194,174,150,150,11,173.0,148.0,148.0,173.0,148.0,148.0
near_neutral_mid,195,174,150,150,11,173.0,148.0,148.0,173.0,148.0,148.0
near_neutral_mid,196,175,150,150,11,173.0,148.0,148.0,173.0,148.0,148.0
near_neutral_mid,197,175,150,150,11,173.0,148.0,148.0,173.0,148.0,148.0
near_neutral_mid,198,175,150,150,11,173.0,148.0,148.0,173.0,148.0,148.0
near_neutral_mid,199,175,150,150,11,173.0,148.0,148.0,173.0,148.0,148.0
near_neutral_mid,200,175,150,150,11,173.0,148.0,148.0,173.0,148.0,148.0
near_neutral_mid,201,175,150,150,11,173.0,148.0,148.0,173.0,148.0,148.0
near_neutral_mid,202,175,150,150,11,173.0,148.0,148.0,173.0,148.0,148.0
near_neutral_mid,203,175,150,150,11,173.0,148.0,148.0,173.0,148.0,148.0
near_neutral_mid,204,176,150,150,11,181.0,148.0,148.0,181.0,148.0,148.0
near_neutral_mid,205,176,150,150,11,181.0,148.0,148.0,181.0,148.0,148.0
near_neutral_mid,206,176,150,150,11,181.0,148.0,148.0,181.0,148.0,148.0
near_neutral_mid,207,176,150,150,11,181.0,148.0,148.0,181.0,148.0,148.0
near_neutral_mid,208,176,150,150,11,181.0,148.0,148.0,181.0,148.0,148.0
near_neutral_mid,209,176,150,150,11,181.0,148.0,148.0,181.0,148.0,148.0
near_neutral_mid,210,176,150,150,11,181.0,148.0,148.0,181.0,148.0,148.0
near_neutral_mid,211,176,150,150,11,181.0,148.0,148.0,181.0,148.0,148.0
near_neutral_mid,212,177,150,150,11,181.0,148.0,148.0,181.0,148.0,148.0
near_neutral_mid,213,177,150,150,11,181.0,148.0,148.0,181.0,148.0,148.0
near_neutral_mid,214,177,150,150,11,181.0,148.0,148.0,181.0,148.0,148.0
near_neutral_mid,215,177,150,150,11,181.0,148.0,148.0,181.0,148.0,148.0
near_neutral_mid,216,177,150,150,11,181.0,148.0,148.0,181.0,148.0,148.0
near_neutral_mid,217,177,150,150,11,181.0,148.0,148.0,181.0,148.0,148.0
near_neutral_mid,218,177,150,150,11,181.0,148.0,148.0,181.0,148.0,148.0
near_neutral_mid,219,177,150,150,11,181.0,148.0,148.0,181.0,148.0,148.0
near_neutral_mid,220,178,150,150,11,181.0,148.0,148.0,181.0,148.0,148.0
near_neutral_mid,221,178,150,150,11,181.0,148.0,148.0,181.0,148.0,148.0
near_neutral_mid,222,178,150,150,11,181.0,148.0,148.0,181.0,148.0,148.0
near_neutral_mid,223,178,150,150,11,181.0,148.0,148.0,181.0,148.0,148.0
near_neutral_mid,224,178,150,150,11,181.0,148.0,148.0,181.0,148.0,148.0
near_neutral_mid,225,178,150,150,11,181.0,148.0,148.0,181.0,148.0,148.0
near_neutral_mid,226,178,150,150,11,181.0,148.0,148.0,181.0,148.0,148.0
near_neutral_mid,227,178,150,150,11,181.0,148.0,148.0,181.0,148.0,148.0
near_neutral_mid,228,179,150,150,11,181.0,148.0,148.0,181.0,148.0,148.0
near_neutral_mid,229,179,150,150,11,181.0,148.0,148.0,181.0,148.0,148.0
near_neutral_mid,230,179,150,150,11,181.0,148.0,148.0,181.0,148.0,148.0
near_neutral_mid,231,179,150,150,11,181.0,148.0,148.0,181.0,148.0,148.0
near_neutral_mid,232,179,150,150,11,181.0,148.0,148.0,181.0,148.0,148.0
near_neutral_mid,233,179,150,150,11,181.0,148.0,148.0,181.0,148.0,148.0
near_neutral_mid,234,179,150,150,11,181.0,148.0,148.0,181.0,148.0,148.0
near_neutral_mid,235,179,150,150,11,181.0,148.0,148.0,181.0,148.0,148.0
near_neutral_mid,236,180,150,150,11,181.0,148.0,148.0,181.0,148.0,148.0
near_neutral_mid,237,180,150,150,11,181.0,148.0,148.0,181.0,148.0,148.0
near_neutral_mid,238,180,150,150,11,181.0,148.0,148.0,181.0,148.0,148.0
near_neutral_mid,239,180,150,150,11,181.0,148.0,148.0,181.0,148.0,148.0
near_neutral_mid,240,180,150,150,11,181.0,148.0,148.0,181.0,148.0,148.0
near_neutral_mid,241,180,150,150,11,181.0,148.0,148.0,181.0,148.0,148.0
near_neutral_mid,242,180,150,150,11,181.0,148.0,148.0,181.0,148.0,148.0
near_neutral_mid,243,180,150,150,11,181.0,148.0,148.0,181.0,148.0,148.0
near_neutral_mid,244,181,150,150,11,181.0,148.0,148.0,181.0,148.0,148.0
near_neutral_mid,245,181,150,150,11,181.0,148.0,148.0,181.0,148.0,148.0
near_neutral_mid,246,181,150,150,11,181.0,148.0,148.0,181.0,148.0,148.0
near_neutral_mid,247,181,150,150,11,181.0,148.0,148.0,181.0,148.0,148.0
near_neutral_mid,248,181,150,150,11,181.0,148.0,148.0,181.0,148.0,148.0
near_neutral_mid,249,181,150,150,11,181.0,148.0,148.0,181.0,148.0,148.0
near_neutral_mid,250,181,150,150,11,181.0,148.0,148.0,181.0,148.0,148.0
near_neutral_mid,251,181,150,150,11,181.0,148.0,148.0,181.0,148.0,148.0
near_neutral_mid,252,182,150,150,11,181.0,148.0,148.0,181.0,148.0,148.0
near_neutral_mid,253,182,150,150,11,181.0,148.0,148.0,181.0,148.0,148.0
near_neutral_mid,254,182,150,150,11,181.0,148.0,148.0,181.0,148.0,148.0
near_neutral_mid,255,182,150,150,11,181.0,148.0,148.0,181.0,148.0,148.0
near_neutral_light,0,200,200,200,3,205.0,205.0,205.0,205.0,205.0,205.0
near_neutral_light,1,200,200,200,3,205.0,205.0,205.0,205.0,205.0,205.0
near_neutral_light,2,200,200,200,3,205.0,205.0,205.0,205.0,205.0,205.0
near_neutral_light,3,200,200,200,3,205.0,205.0,205.0,205.0,205.0,205.0
near_neutral_light,4,201,200,200,3,205.0,205.0,205.0,205.0,205.0,205.0
near_neutral_light,5,201,200,200,3,205.0,205.0,205.0,205.0,205.0,205.0
near_neutral_light,6,201,200,200,3,205.0,205.0,205.0,205.0,205.0,205.0
near_neutral_light,7,201,200,200,3,205.0,205.0,205.0,205.0,205.0,205.0
near_neutral_light,8,201,200,200,3,205.0,205.0,205.0,205.0,205.0,205.0
near_neutral_light,9,201,200,200,3,205.0,205.0,205.0,205.0,205.0,205.0
near_neutral_light,10,201,200,200,3,205.0,205.0,205.0,205.0,205.0,205.0
near_neutral_light,11,201,200,200,3,205.0,205.0,205.0,205.0,205.0,205.0
near_neutral_light,12,202,200,200,3,205.0,205.0,205.0,205.0,205.0,205.0
near_neutral_light,13,202,200,200,3,205.0,205.0,205.0,205.0,205.0,205.0
near_neutral_light,14,202,200,200,3,205.0,205.0,205.0,205.0,205.0,205.0
near_neutral_light,15,202,200,200,3,205.0,205.0,205.0,205.0,205.0,205.0
near_neutral_light,16,202,200,200,3,205.0,205.0,205.0,205.0,205.0,205.0
near_neutral_light,17,202,200,200,3,205.0,205.0,205.0,205.0,205.0,205.0
near_neutral_light,18,202,200,200,3,205.0,205.0,205.0,205.0,205.0,205.0
near_neutral_light,19,202,200,200,3,205.0,205.0,205.0,205.0,205.0,205.0
near_neutral_light,20,203,200,200,3,205.0,205.0,205.0,205.0,205.0,205.0
near_neutral_light,21,203,200,200,3,205.0,205.0,205.0,205.0,205.0,205.0
near_neutral_light,22,203,200,200,3,205.0,205.0,205.0,205.0,205.0,205.0
near_neutral_light,23,203,200,200,3,205.0,205.0,205.0,205.0,205.0,205.0
near_neutral_light,24,203,200,200,3,205.0,205.0,205.0,205.0,205.0,205.0
near_neutral_light,25,203,200,200,3,205.0,205.0,205.0,205.0,205.0,205.0
near_neutral_light,26,203,200,200,3,205.0,205.0,205.0,205.0,205.0,205.0
near_neutral_light,27,203,200,200,3,205.0,205.0,205.0,205.0,205.0,205.0
near_neutral_light,28,204,200,200,3,205.0,205.0,205.0,205.0,205.0,205.0
near_neutral_light,29,204,200,200,3,205.0,205.0,205.0,205.0,205.0,205.0
near_neutral_light,30,204,200,200,3,205.0,205.0,205.0,205.0,205.0,205.0
near_neutral_light,31,204,200,200,3,205.0,205.0,205.0,205.0,205.0,205.0
near_neutral_light,32,204,200,200,3,205.0,205.0,205.0,205.0,205.0,205.0
near_neutral_light,33,204,200,200,3,205.0,205.0,205.0,205.0,205.0,205.0
near_neutral_light,34,204,200,200,3,205.0,205.0,205.0,205.0,205.0,205.0
near_neutral_light,35,204,200,200,3,205.0,205.0,205.0,205.0,205.0,205.0
near_neutral_light,36,205,200,200,3,205.0,205.0,205.0,205.0,205.0,205.0
near_neutral_light,37,205,200,200,3,205.0,205.0,205.0,205.0,205.0,205.0
near_neutral_light,38,205,200,200,3,205.0,205.0,205.0,205.0,205.0,205.0
near_neutral_light,39,205,200,200,3,205.0,205.0,205.0,205.0,205.0,205.0
near_neutral_light,40,205,200,200,3,205.0,205.0,205.0,205.0,205.0,205.0
near_neutral_light,41,205,200,200,3,205.0,205.0,205.0,205.0,205.0,205.0
near_neutral_light,42,205,200,200,3,205.0,205.0,205.0,205.0,205.0,205.0
near_neutral_light,43,205,200,200,3,205.0,205.0,205.0,205.0,205.0,205.0
near_neutral_light,44,206,200,200,3,205.0,205.0,205.0,205.0,205.0,205.0
near_neutral_light,45,206,200,200,3,205.0,205.0,205.0,205.0,205.0,205.0
near_neutral_light,46,206,200,200,3,205.0,205.0,205.0,205.0,205.0,205.0
near_neutral_light,47,206,200,200,3,205.0,205.0,205.0,205.0,205.0,205.0
near_neutral_light,48,206,200,200,3,205.0,205.0,205.0,205.0,205.0,205.0
near_neutral_light,49,206,200,200,3,205.0,205.0,205.0,205.0,205.0,205.0
near_neutral_light,50,206,200,200,3,205.0,205.0,205.0,205.0,205.0,205.0
near_neutral_light,51,206,200,200,3,205.0,205.0,205.0,205.0,205.0,205.0
near_neutral_light,52,207,200,200,3,205.0,205.0,205.0,205.0,205.0,205.0
near_neutral_light,53,207,200,200,3,205.0,205.0,205.0,205.0,205.0,205.0
near_neutral_light,54,207,200,200,3,205.0,205.0,205.0,205.0,205.0,205.0
near_neutral_light,55,207,200,200,3,205.0,205.0,205.0,205.0,205.0,205.0
near_neutral_light,56,207,200,200,3,205.0,205.0,205.0,205.0,205.0,205.0
near_neutral_light,57,207,200,200,3,205.0,205.0,205.0,205.0,205.0,205.0
near_neutral_light,58,207,200,200,3,205.0,205.0,205.0,205.0,205.0,205.0
near_neutral_light,59,207,200,200,3,205.0,205.0,205.0,205.0,205.0,205.0
near_neutral_light,60,208,200,200,3,207.6875,207.6875,207.6875,207.6875,207.6875,207.6875
near_neutral_light,61,208,200,200,3,207.6875,207.6875,207.6875,207.6875,207.6875,207.6875
near_neutral_light,62,208,200,200,3,207.6875,207.6875,207.6875,207.6875,207.6875,207.6875
near_neutral_light,63,208,200,200,3,207.6875,207.6875,207.6875,207.6875,207.6875,207.6875
near_neutral_light,64,208,200,200,3,207.6875,207.6875,207.6875,207.6875,207.6875,207.6875
near_neutral_light,65,208,200,200,3,207.6875,207.6875,207.6875,207.6875,207.6875,207.6875
near_neutral_light,66,208,200,200,3,207.6875,207.6875,207.6875,207.6875,207.6875,207.6875
near_neutral_light,67,208,200,200,3,207.6875,207.6875,207.6875,207.6875,207.6875,207.6875
near_neutral_light,68,209,200,200,3,207.6875,207.6875,207.6875,207.6875,207.6875,207.6875
near_neutral_light,69,209,200,200,3,207.6875,207.6875,207.6875,207.6875,207.6875,207.6875
near_neutral_light,70,209,200,200,3,207.6875,207.6875,207.6875,207.6875,207.6875,207.6875
near_neutral_light,71,209,200,200,3,207.6875,207.6875,207.6875,207.6875,207.6875,207.6875
near_neutral_light,72,209,200,200,3,207.6875,207.6875,207.6875,207.6875,207.6875,207.6875
near_neutral_light,73,209,200,200,3,207.6875,207.6875,207.6875,207.6875,207.6875,207.6875
near_neutral_light,74,209,200,200,3,207.6875,207.6875,207.6875,207.6875,207.6875,207.6875
near_neutral_light,75,209,200,200,3,207.6875,207.6875,207.6875,207.6875,207.6875,207.6875
near_neutral_light,76,210,200,200,3,207.6875,207.6875,207.6875,207.6875,207.6875,207.6875
near_neutral_light,77,210,200,200,3,207.6875,207.6875,207.6875,207.6875,207.6875,207.6875
near_neutral_light,78,210,200,200,3,207.6875,207.6875,207.6875,207.6875,207.6875,207.6875
near_neutral_light,79,210,200,200,3,207.6875,207.6875,207.6875,207.6875,207.6875,207.6875
near_neutral_light,80,210,200,200,3,207.6875,207.6875,207.6875,207.6875,207.6875,207.6875
near_neutral_light,81,210,200,200,3,207.6875,207.6875,207.6875,207.6875,207.6875,207.6875
near_neutral_light,82,210,200,200,3,207.6875,207.6875,207.6875,207.6875,207.6875,207.6875
near_neutral_light,83,210,200,200,3,207.6875,207.6875,207.6875,207.6875,207.6875,207.6875
near_neutral_light,84,211,200,200,3,207.6875,207.6875,207.6875,207.6875,207.6875,207.6875
near_neutral_light,85,211,200,200,3,207.6875,207.6875,207.6875,207.6875,207.6875,207.6875
near_neutral_light,86,211,200,200,3,207.6875,207.6875,207.6875,207.6875,207.6875,207.6875
near_neutral_light,87,211,200,200,3,207.6875,207.6875,207.6875,207.6875,207.6875,207.6875
near_neutral_light,88,211,200,200,3,207.6875,207.6875,207.6875,207.6875,207.6875,207.6875
near_neutral_light,89,211,200,200,3,207.6875,207.6875,207.6875,207.6875,207.6875,207.6875
near_neutral_light,90,211,200,200,3,207.6875,207.6875,207.6875,207.6875,207.6875,207.6875
near_neutral_light,91,211,200,200,3,207.6875,207.6875,207.6875,207.6875,207.6875,207.6875
near_neutral_light,92,212,200,200,3,207.6875,207.6875,207.6875,207.6875,207.6875,207.6875
near_neutral_light,93,212,200,200,3,207.6875,207.6875,207.6875,207.6875,207.6875,207.6875
near_neutral_light,94,212,200,200,3,207.6875,207.6875,207.6875,207.6875,207.6875,207.6875
near_neutral_light,95,212,200,200,3,207.6875,207.6875,207.6875,207.6875,207.6875,207.6875
near_neutral_light,96,212,200,200,3,207.6875,207.6875,207.6875,207.6875,207.6875,207.6875
near_neutral_light,97,212,200,200,3,207.6875,207.6875,207.6875,207.6875,207.6875,207.6875
near_neutral_light,98,212,200,200,3,207.6875,207.6875,207.6875,207.6875,207.6875,207.6875
near_neutral_light,99,212,200,200,3,207.6875,207.6875,207.6875,207.6875,207.6875,207.6875
near_neutral_light,100,213,200,200,3,207.6875,207.6875,207.6875,207.6875,207.6875,207.6875
near_neutral_light,101,213,200,200,3,207.6875,207.6875,207.6875,207.6875,207.6875,207.6875
near_neutral_light,102,213,200,200,3,207.6875,207.6875,207.6875,207.6875,207.6875,207.6875
near_neutral_light,103,213,200,200,3,207.6875,207.6875,207.6875,207.6875,207.6875,207.6875
near_neutral_light,104,213,200,200,3,207.6875,207.6875,207.6875,207.6875,207.6875,207.6875
near_neutral_light,105,213,200,200,3,207.6875,207.6875,207.6875,207.6875,207.6875,207.6875
near_neutral_light,106,213,200,200,3,207.6875,207.6875,207.6875,207.6875,207.6875,207.6875
near_neutral_light,107,213,200,200,3,207.6875,207.6875,207.6875,207.6875,207.6875,207.6875
near_neutral_light,108,214,200,200,3,207.6875,207.6875,207.6875,207.6875,207.6875,207.6875
near_neutral_light,109,214,200,200,3,207.6875,207.6875,207.6875,207.6875,207.6875,207.6875
near_neutral_light,110,214,200,200,3,207.6875,207.6875,207.6875,207.6875,207.6875,207.6875
near_neutral_light,111,214,200,200,3,207.6875,207.6875,207.6875,207.6875,207.6875,207.6875
near_neutral_light,112,214,200,200,3,207.6875,207.6875,207.6875,207.6875,207.6875,207.6875
near_neutral_light,113,214,200,200,3,207.6875,207.6875,207.6875,207.6875,207.6875,207.6875
near_neutral_light,114,214,200,200,3,207.6875,207.6875,207.6875,207.6875,207.6875,207.6875
near_neutral_light,115,214,200,200,3,207.6875,207.6875,207.6875,207.6875,207.6875,207.6875
near_neutral_light,116,215,200,200,3,207.6875,207.6875,207.6875,207.6875,207.6875,207.6875
near_neutral_light,117,215,200,200,3,207.6875,207.6875,207.6875,207.6875,207.6875,207.6875
near_neutral_light,118,215,200,200,3,207.6875,207.6875,207.6875,207.6875,207.6875,207.6875
near_neutral_light,119,215,200,200,3,207.6875,207.6875,207.6875,207.6875,207.6875,207.6875
near_neutral_light,120,215,200,200,3,207.6875,207.6875,207.6875,207.6875,207.6875,207.6875
near_neutral_light,121,215,200,200,3,207.6875,207.6875,207.6875,207.6875,207.6875,207.6875
near_neutral_light,122,215,200,200,3,207.6875,207.6875,207.6875,207.6875,207.6875,207.6875
near_neutral_light,123,215,200,200,3,207.6875,207.6875,207.6875,207.6875,207.6875,207.6875
near_neutral_light,124,216,200,200,3,210.3125,210.3125,210.3125,210.3125,210.3125,210.3125
near_neutral_light,125,216,200,200,3,210.3125,210.3125,210.3125,210.3125,210.3125,210.3125
near_neutral_light,126,216,200,200,3,210.3125,210.3125,210.3125,210.3125,210.3125,210.3125
near_neutral_light,127,216,200,200,3,210.3125,210.3125,210.3125,210.3125,210.3125,210.3125
near_neutral_light,128,216,200,200,3,210.3125,210.3125,210.3125,210.3125,210.3125,210.3125
near_neutral_light,129,216,200,200,3,210.3125,210.3125,210.3125,210.3125,210.3125,210.3125
near_neutral_light,130,216,200,200,3,210.3125,210.3125,210.3125,210.3125,210.3125,210.3125
near_neutral_light,131,216,200,200,3,210.3125,210.3125,210.3125,210.3125,210.3125,210.3125
near_neutral_light,132,217,200,200,3,210.3125,210.3125,210.3125,210.3125,210.3125,210.3125
near_neutral_light,133,217,200,200,3,210.3125,210.3125,210.3125,210.3125,210.3125,210.3125
near_neutral_light,134,217,200,200,3,210.3125,210.3125,210.3125,210.3125,210.3125,210.3125
near_neutral_light,135,217,200,200,3,210.3125,210.3125,210.3125,210.3125,210.3125,210.3125
near_neutral_light,136,217,200,200,3,210.3125,210.3125,210.3125,210.3125,210.3125,210.3125
near_neutral_light,137,217,200,200,3,210.3125,210.3125,210.3125,210.3125,210.3125,210.3125
near_neutral_light,138,217,200,200,3,210.3125,210.3125,210.3125,210.3125,210.3125,210.3125
near_neutral_light,139,217,200,200,3,210.3125,210.3125,210.3125,210.3125,210.3125,210.3125
near_neutral_light,140,218,200,200,3,210.3125,210.3125,210.3125,210.3125,210.3125,210.3125
near_neutral_light,141,218,200,200,3,210.3125,210.3125,210.3125,210.3125,210.3125,210.3125
near_neutral_light,142,218,200,200,3,210.3125,210.3125,210.3125,210.3125,210.3125,210.3125
near_neutral_light,143,218,200,200,3,210.3125,210.3125,210.3125,210.3125,210.3125,210.3125
near_neutral_light,144,218,200,200,3,210.3125,210.3125,210.3125,210.3125,210.3125,210.3125
near_neutral_light,145,218,200,200,3,210.3125,210.3125,210.3125,210.3125,210.3125,210.3125
near_neutral_light,146,218,200,200,3,210.3125,210.3125,210.3125,210.3125,210.3125,210.3125
near_neutral_light,147,218,200,200,3,210.3125,210.3125,210.3125,210.3125,210.3125,210.3125
near_neutral_light,148,219,200,200,3,210.3125,210.3125,210.3125,210.3125,210.3125,210.3125
near_neutral_light,149,219,200,200,3,210.3125,210.3125,210.3125,210.3125,210.3125,210.3125
near_neutral_light,150,219,200,200,3,210.3125,210.3125,210.3125,210.3125,210.3125,210.3125
near_neutral_light,151,219,200,200,3,210.3125,210.3125,210.3125,210.3125,210.3125,210.3125
near_neutral_light,152,219,200,200,3,210.3125,210.3125,210.3125,210.3125,210.3125,210.3125
near_neutral_light,153,219,200,200,3,210.3125,210.3125,210.3125,210.3125,210.3125,210.3125
near_neutral_light,154,219,200,200,3,210.3125,210.3125,210.3125,210.3125,210.3125,210.3125
near_neutral_light,155,219,200,200,3,210.3125,210.3125,210.3125,210.3125,210.3125,210.3125
near_neutral_light,156,220,200,200,3,210.3125,210.3125,210.3125,210.3125,210.3125,210.3125
near_neutral_light,157,220,200,200,3,210.3125,210.3125,210.3125,210.3125,210.3125,210.3125
near_neutral_light,158,220,200,200,3,210.3125,210.3125,210.3125,210.3125,210.3125,210.3125
near_neutral_light,159,220,200,200,3,210.3125,210.3125,210.3125,210.3125,210.3125,210.3125
near_neutral_light,160,220,200,200,3,210.3125,210.3125,210.3125,210.3125,210.3125,210.3125
near_neutral_light,161,220,200,200,3,210.3125,210.3125,210.3125,210.3125,210.3125,210.3125
near_neutral_light,162,220,200,200,3,210.3125,210.3125,210.3125,210.3125,210.3125,210.3125
near_neutral_light,163,220,200,200,3,210.3125,210.3125,210.3125,210.3125,210.3125,210.3125
near_neutral_light,164,221,200,200,3,210.3125,210.3125,210.3125,210.3125,210.3125,210.3125
near_neutral_light,165,221,200,200,3,210.3125,210.3125,210.3125,210.3125,210.3125,210.3125
near_neutral_light,166,221,200,200,3,210.3125,210.3125,210.3125,210.3125,210.3125,210.3125
near_neutral_light,167,221,200,200,3,210.3125,210.3125,210.3125,210.3125,210.3125,210.3125
near_neutral_light,168,221,200,200,3,210.3125,210.3125,210.3125,210.3125,210.3125,210.3125
near_neutral_light,169,221,200,200,3,210.3125,210.3125,210.3125,210.3125,210.3125,210.3125
near_neutral_light,170,221,200,200,3,210.3125,210.3125,210.3125,210.3125,210.3125,210.3125
near_neutral_light,171,221,200,200,3,210.3125,210.3125,210.3125,210.3125,210.3125,210.3125
near_neutral_light,172,222,200,200,3,210.3125,210.3125,210.3125,210.3125,210.3125,210.3125
near_neutral_light,173,222,200,200,3,210.3125,210.3125,210.3125,210.3125,210.3125,210.3125
near_neutral_light,174,222,200,200,3,210.3125,210.3125,210.3125,210.3125,210.3125,210.3125
near_neutral_light,175,222,200,200,3,210.3125,210.3125,210.3125,210.3125,210.3125,210.3125
near_neutral_light,176,222,200,200,3,210.3125,210.3125,210.3125,210.3125,210.3125,210.3125
near_neutral_light,177,222,200,200,3,210.3125,210.3125,210.3125,210.3125,210.3125,210.3125
near_neutral_light,178,222,200,200,3,210.3125,210.3125,210.3125,210.3125,210.3125,210.3125
near_neutral_light,179,222,200,200,3,210.3125,210.3125,210.3125,210.3125,210.3125,210.3125
near_neutral_light,180,223,200,200,3,210.3125,210.3125,210.3125,210.3125,210.3125,210.3125
near_neutral_light,181,223,200,200,3,210.3125,210.3125,210.3125,210.3125,210.3125,210.3125
near_neutral_light,182,223,200,200,3,210.3125,210.3125,210.3125,210.3125,210.3125,210.3125
near_neutral_light,183,223,200,200,3,210.3125,210.3125,210.3125,210.3125,210.3125,210.3125
near_neutral_light,184,223,200,200,3,210.3125,210.3125,210.3125,210.3125,210.3125,210.3125
near_neutral_light,185,223,200,200,3,210.3125,210.3125,210.3125,210.3125,210.3125,210.3125
near_neutral_light,186,223,200,200,3,210.3125,210.3125,210.3125,210.3125,210.3125,210.3125
near_neutral_light,187,223,200,200,3,210.3125,210.3125,210.3125,210.3125,210.3125,210.3125
near_neutral_light,188,224,200,200,11,231.0,203.0,203.0,231.0,203.0,203.0
near_neutral_light,189,224,200,200,11,231.0,203.0,203.0,231.0,203.0,203.0
near_neutral_light,190,224,200,200,11,231.0,203.0,203.0,231.0,203.0,203.0
near_neutral_light,191,224,200,200,11,231.0,203.0,203.0,231.0,203.0,203.0
near_neutral_light,192,224,200,200,11,231.0,203.0,203.0,231.0,203.0,203.0
near_neutral_light,193,224,200,200,11,231.0,203.0,203.0,231.0,203.0,203.0
near_neutral_light,194,224,200,200,11,231.0,203.0,203.0,231.0,203.0,203.0
near_neutral_light,195,224,200,200,11,231.0,203.0,203.0,231.0,203.0,203.0
near_neutral_light,196,225,200,200,11,231.0,203.0,203.0,231.0,203.0,203.0
near_neutral_light,197,225,200,200,11,231.0,203.0,203.0,231.0,203.0,203.0
near_neutral_light,198,225,200,200,11,231.0,203.0,203.0,231.0,203.0,203.0
near_neutral_light,199,225,200,200,11,231.0,203.0,203.0,231.0,203.0,203.0
near_neutral_light,200,225,200,200,11,231.0,203.0,203.0,231.0,203.0,203.0
near_neutral_light,201,225,200,200,11,231.0,203.0,203.0,231.0,203.0,203.0
near_neutral_light,202,225,200,200,11,231.0,203.0,203.0,231.0,203.0,203.0
near_neutral_light,203,225,200,200,11,231.0,203.0,203.0,231.0,203.0,203.0
near_neutral_light,204,226,200,200,11,231.0,203.0,203.0,231.0,203.0,203.0
near_neutral_light,205,226,200,200,11,231.0,203.0,203.0,231.0,203.0,203.0
near_neutral_light,206,226,200,200,11,231.0,203.0,203.0,231.0,203.0,203.0
near_neutral_light,207,226,200,200,11,231.0,203.0,203.0,231.0,203.0,203.0
near_neutral_light,208,226,200,200,11,231.0,203.0,203.0,231.0,203.0,203.0
near_neutral_light,209,226,200,200,11,231.0,203.0,203.0,231.0,203.0,203.0
near_neutral_light,210,226,200,200,11,231.0,203.0,203.0,231.0,203.0,203.0
near_neutral_light,211,226,200,200,11,231.0,203.0,203.0,231.0,203.0,203.0
near_neutral_light,212,227,200,200,11,231.0,203.0,203.0,231.0,203.0,203.0
near_neutral_light,213,227,200,200,11,231.0,203.0,203.0,231.0,203.0,203.0
near_neutral_light,214,227,200,200,11,231.0,203.0,203.0,231.0,203.0,203.0
near_neutral_light,215,227,200,200,11,231.0,203.0,203.0,231.0,203.0,203.0
near_neutral_light,216,227,200,200,11,231.0,203.0,203.0,231.0,203.0,203.0
near_neutral_light,217,227,200,200,11,231.0,203.0,203.0,231.0,203.0,203.0
near_neutral_light,218,227,200,200,11,231.0,203.0,203.0,231.0,203.0,203.0
near_neutral_light,219,227,200,200,11,231.0,203.0,203.0,231.0,203.0,203.0
near_neutral_light,220,228,200,200,11,231.0,203.0,203.0,231.0,203.0,203.0
near_neutral_light,221,228,200,200,11,231.0,203.0,203.0,231.0,203.0,203.0
near_neutral_light,222,228,200,200,11,231.0,203.0,203.0,231.0,203.0,203.0
near_neutral_light,223,228,200,200,11,231.0,203.0,203.0,231.0,203.0,203.0
near_neutral_light,224,228,200,200,11,231.0,203.0,203.0,231.0,203.0,203.0
near_neutral_light,225,228,200,200,11,231.0,203.0,203.0,231.0,203.0,203.0
near_neutral_light,226,228,200,200,11,231.0,203.0,203.0,231.0,203.0,203.0
near_neutral_light,227,228,200,200,11,231.0,203.0,203.0,231.0,203.0,203.0
near_neutral_light,228,229,200,200,11,231.0,203.0,203.0,231.0,203.0,203.0
near_neutral_light,229,229,200,200,11,231.0,203.0,203.0,231.0,203.0,203.0
near_neutral_light,230,229,200,200,11,231.0,203.0,203.0,231.0,203.0,203.0
near_neutral_light,231,229,200,200,11,231.0,203.0,203.0,231.0,203.0,203.0
near_neutral_light,232,229,200,200,11,231.0,203.0,203.0,231.0,203.0,203.0
near_neutral_light,233,229,200,200,11,231.0,203.0,203.0,231.0,203.0,203.0
near_neutral_light,234,229,200,200,11,231.0,203.0,203.0,231.0,203.0,203.0
near_neutral_light,235,229,200,200,11,231.0,203.0,203.0,231.0,203.0,203.0
near_neutral_light,236,230,200,200,11,231.0,203.0,203.0,231.0,203.0,203.0
near_neutral_light,237,230,200,200,11,231.0,203.0,203.0,231.0,203.0,203.0
near_neutral_light,238,230,200,200,11,231.0,203.0,203.0,231.0,203.0,203.0
near_neutral_light,239,230,200,200,11,231.0,203.0,203.0,231.0,203.0,203.0
near_neutral_light,240,230,200,200,11,231.0,203.0,203.0,231.0,203.0,203.0
near_neutral_light,241,230,200,200,11,231.0,203.0,203.0,231.0,203.0,203.0
near_neutral_light,242,230,200,200,11,231.0,203.0,203.0,231.0,203.0,203.0
near_neutral_light,243,230,200,200,11,231.0,203.0,203.0,231.0,203.0,203.0
near_neutral_light,244,231,200,200,11,231.0,203.0,203.0,231.0,203.0,203.0
near_neutral_light,245,231,200,200,11,231.0,203.0,203.0,231.0,203.0,203.0
near_neutral_light,246,231,200,200,11,231.0,203.0,203.0,231.0,203.0,203.0
near_neutral_light,247,231,200,200,11,231.0,203.0,203.0,231.0,203.0,203.0
near_neutral_light,248,231,200,200,11,231.0,203.0,203.0,231.0,203.0,203.0
near_neutral_light,249,231,200,200,11,231.0,203.0,203.0,231.0,203.0,203.0
near_neutral_light,250,231,200,200,11,231.0,203.0,203.0,231.0,203.0,203.0
near_neutral_light,251,231,200,200,11,231.0,203.0,203.0,231.0,203.0,203.0
near_neutral_light,252,232,200,200,11,239.0,203.0,203.0,239.0,203.0,203.0
near_neutral_light,253,232,200,200,11,239.0,203.0,203.0,239.0,203.0,203.0
near_neutral_light,254,232,200,200,11,239.0,203.0,203.0,239.0,203.0,203.0
near_neutral_light,255,232,200,200,11,239.0,203.0,203.0,239.0,203.0,203.0
